date,futures_id,contract_date,open,max,min,close,spread,spread_per,volume,settlement_price,open_interest,trading_session
2026-04-27,MTX,202604W5,39035.0,39644.0,39016.0,39559.0,530.0,1.36,99,0.0,0,after_market
2026-04-27,MTX,202605W1,39500.0,39631.0,39495.0,39631.0,556.0,1.42,4,0.0,0,after_market
2026-04-27,MTX,202605,39258.0,39875.0,39128.0,39775.0,553.0,1.41,161246,0.0,0,after_market
2026-04-27,MTX,202606,39350.0,39960.0,39230.0,39868.0,558.0,1.42,5074,0.0,0,after_market
2026-04-27,MTX,202607,39258.0,39902.0,39185.0,39818.0,560.0,1.43,291,0.0,0,after_market
2026-04-27,MTX,202609,39390.0,40022.0,39300.0,39910.0,557.0,1.42,137,0.0,0,after_market
2026-04-27,MTX,202612,39700.0,40335.0,39667.0,40256.0,569.0,1.43,84,0.0,0,after_market
2026-04-27,MTX,202703,40274.0,40800.0,40095.0,40800.0,681.0,1.7,55,0.0,0,after_market
2026-04-27,MTX,202604W5/202605,201.0,221.0,201.0,210.0,0.0,0.0,9,0.0,0,after_market
2026-04-27,MTX,202605/202606,88.0,96.0,88.0,96.0,0.0,0.0,102,0.0,0,after_market
2026-04-27,MTX,202605/202607,49.0,57.0,49.0,57.0,0.0,0.0,2,0.0,0,after_market
2026-04-27,MTX,202605/202609,155.0,155.0,154.0,155.0,0.0,0.0,10,0.0,0,after_market
2026-04-27,MTX,202605/202612,0.0,0.0,0.0,0.0,0.0,0.0,0,0.0,0,after_market
2026-04-27,MTX,202605/202703,0.0,0.0,0.0,0.0,0.0,0.0,0,0.0,0,after_market
2026-04-27,MTX,202605W1/202605,0.0,0.0,0.0,0.0,0.0,0.0,0,0.0,0,after_market
2026-04-27,MTX,202606/202609,0.0,0.0,0.0,0.0,0.0,0.0,0,0.0,0,after_market
2026-04-27,MTX,202606/202612,0.0,0.0,0.0,0.0,0.0,0.0,0,0.0,0,after_market
2026-04-27,MTX,202606/202703,0.0,0.0,0.0,0.0,0.0,0.0,0,0.0,0,after_market
2026-04-27,MTX,202607/202703,0.0,0.0,0.0,0.0,0.0,0.0,0,0.0,0,after_market
2026-04-27,MTX,202604W5,39886.0,40188.0,39650.0,39660.0,631.0,1.62,152,39660.0,95,position
2026-04-27,MTX,202605W1,39998.0,40010.0,39998.0,40010.0,935.0,2.39,3,39707.0,24,position
2026-04-27,MTX,202605,39978.0,40449.0,39833.0,39885.0,663.0,1.69,164754,39921.0,26735,position
2026-04-27,MTX,202606,40002.0,40535.0,39933.0,39982.0,672.0,1.71,5638,39997.0,4636,position
2026-04-27,MTX,202607,40048.0,40482.0,39895.0,39979.0,721.0,1.84,266,39949.0,395,position
2026-04-27,MTX,202609,40161.0,40568.0,40000.0,40038.0,685.0,1.74,213,40047.0,1884,position
2026-04-27,MTX,202612,40452.0,40905.0,40388.0,40400.0,713.0,1.8,143,40390.0,626,position
2026-04-27,MTX,202703,40900.0,41385.0,40890.0,40933.0,814.0,2.03,131,40952.0,188,position
2026-04-27,MTX,202604W5/202605,213.0,275.0,213.0,265.0,0.0,0.0,20,0.0,0,position
2026-04-27,MTX,202605/202606,92.0,94.0,90.0,94.0,0.0,0.0,17,0.0,0,position
2026-04-27,MTX,202605/202607,0.0,0.0,0.0,0.0,0.0,0.0,0,0.0,0,position
2026-04-27,MTX,202605/202609,150.0,150.0,150.0,150.0,0.0,0.0,5,0.0,0,position
2026-04-27,MTX,202605/202612,0.0,0.0,0.0,0.0,0.0,0.0,0,0.0,0,position
2026-04-27,MTX,202605/202703,868.0,868.0,868.0,868.0,0.0,0.0,2,0.0,0,position
2026-04-27,MTX,202605W1/202605,171.0,171.0,171.0,171.0,0.0,0.0,1,0.0,0,position
2026-04-27,MTX,202606/202607,0.0,0.0,0.0,0.0,0.0,0.0,0,0.0,0,position
2026-04-27,MTX,202606/202609,0.0,0.0,0.0,0.0,0.0,0.0,0,0.0,0,position
2026-04-27,MTX,202606/202703,0.0,0.0,0.0,0.0,0.0,0.0,0,0.0,0,position
2026-04-27,MTX,202607/202703,0.0,0.0,0.0,0.0,0.0,0.0,0,0.0,0,position
2026-04-28,MTX,202604W5,39623.0,39801.0,39345.0,39572.0,-88.0,-0.22,100,0.0,0,after_market
2026-04-28,MTX,202605W1,39413.0,39413.0,39413.0,39413.0,-294.0,-0.74,2,0.0,0,after_market
2026-04-28,MTX,202605,39863.0,40053.0,39487.0,39721.0,-200.0,-0.5,124868,0.0,0,after_market
2026-04-28,MTX,202606,39980.0,40147.0,39595.0,39838.0,-159.0,-0.4,2954,0.0,0,after_market
2026-04-28,MTX,202607,39921.0,40101.0,39580.0,39809.0,-140.0,-0.35,169,0.0,0,after_market
2026-04-28,MTX,202609,40047.0,40190.0,39677.0,39888.0,-159.0,-0.4,70,0.0,0,after_market
2026-04-28,MTX,202612,40289.0,40526.0,40018.0,40255.0,-135.0,-0.33,40,0.0,0,after_market
2026-04-28,MTX,202703,40887.0,41093.0,40543.0,40744.0,-208.0,-0.51,34,0.0,0,after_market
2026-04-28,MTX,202604W5/202605,201.0,201.0,156.0,175.0,0.0,0.0,23,0.0,0,after_market
2026-04-28,MTX,202605/202606,0.0,0.0,0.0,0.0,0.0,0.0,0,0.0,0,after_market
2026-04-28,MTX,202605/202607,0.0,0.0,0.0,0.0,0.0,0.0,0,0.0,0,after_market
2026-04-28,MTX,202605/202609,0.0,0.0,0.0,0.0,0.0,0.0,0,0.0,0,after_market
2026-04-28,MTX,202605/202612,0.0,0.0,0.0,0.0,0.0,0.0,0,0.0,0,after_market
2026-04-28,MTX,202605/202703,0.0,0.0,0.0,0.0,0.0,0.0,0,0.0,0,after_market
2026-04-28,MTX,202605W1/202605,0.0,0.0,0.0,0.0,0.0,0.0,0,0.0,0,after_market
2026-04-28,MTX,202606/202607,0.0,0.0,0.0,0.0,0.0,0.0,0,0.0,0,after_market
2026-04-28,MTX,202606/202609,0.0,0.0,0.0,0.0,0.0,0.0,0,0.0,0,after_market
2026-04-28,MTX,202606/202703,0.0,0.0,0.0,0.0,0.0,0.0,0,0.0,0,after_market
2026-04-28,MTX,202607/202703,0.0,0.0,0.0,0.0,0.0,0.0,0,0.0,0,after_market
2026-04-28,MTX,202604W5,39645.0,40065.0,39500.0,39500.0,-160.0,-0.4,125,39539.0,90,position
2026-04-28,MTX,202605W1,40155.0,40155.0,39600.0,39600.0,-107.0,-0.27,3,39588.0,24,position
2026-04-28,MTX,202605,39791.0,40346.0,39660.0,39739.0,-182.0,-0.46,134607,39733.0,26767,position
2026-04-28,MTX,202606,39900.0,40440.0,39750.0,39825.0,-172.0,-0.43,4172,39814.0,4697,position
2026-04-28,MTX,202607,39894.0,40355.0,39730.0,39800.0,-149.0,-0.37,252,39796.0,394,position
2026-04-28,MTX,202609,40005.0,40495.0,39900.0,39923.0,-124.0,-0.31,72,39895.0,1890,position
2026-04-28,MTX,202612,40443.0,40750.0,40226.0,40244.0,-146.0,-0.36,56,40234.0,604,position
2026-04-28,MTX,202703,40909.0,41444.0,40730.0,40730.0,-222.0,-0.54,63,40762.0,197,position
2026-04-28,MTX,202604W5/202605,197.0,226.0,197.0,199.0,0.0,0.0,20,0.0,0,position
2026-04-28,MTX,202605/202606,94.0,94.0,86.0,86.0,0.0,0.0,6,0.0,0,position
2026-04-28,MTX,202605/202607,0.0,0.0,0.0,0.0,0.0,0.0,0,0.0,0,position
2026-04-28,MTX,202605/202609,0.0,0.0,0.0,0.0,0.0,0.0,0,0.0,0,position
2026-04-28,MTX,202605/202612,0.0,0.0,0.0,0.0,0.0,0.0,0,0.0,0,position
2026-04-28,MTX,202605/202703,0.0,0.0,0.0,0.0,0.0,0.0,0,0.0,0,position
2026-04-28,MTX,202605W1/202605,0.0,0.0,0.0,0.0,0.0,0.0,0,0.0,0,position
2026-04-28,MTX,202606/202607,0.0,0.0,0.0,0.0,0.0,0.0,0,0.0,0,position
2026-04-28,MTX,202606/202609,0.0,0.0,0.0,0.0,0.0,0.0,0,0.0,0,position
2026-04-28,MTX,202606/202703,0.0,0.0,0.0,0.0,0.0,0.0,0,0.0,0,position
2026-04-28,MTX,202607/202703,0.0,0.0,0.0,0.0,0.0,0.0,0,0.0,0,position
2026-04-29,MTX,202604W5,39503.0,39612.0,39045.0,39316.0,-223.0,-0.56,170,0.0,0,after_market
2026-04-29,MTX,202605W1,39510.0,39680.0,39050.0,39250.0,-338.0,-0.85,16,0.0,0,after_market
2026-04-29,MTX,202605,39680.0,39855.0,39185.0,39464.0,-269.0,-0.68,154833,0.0,0,after_market
2026-04-29,MTX,202606,39735.0,39935.0,39280.0,39548.0,-266.0,-0.67,4593,0.0,0,after_market
2026-04-29,MTX,202607,39778.0,39900.0,39250.0,39557.0,-239.0,-0.6,195,0.0,0,after_market
2026-04-29,MTX,202609,39777.0,39952.0,39376.0,39600.0,-295.0,-0.74,105,0.0,0,after_market
2026-04-29,MTX,202612,40244.0,40274.0,39700.0,40000.0,-234.0,-0.58,37,0.0,0,after_market
2026-04-29,MTX,202703,40562.0,40562.0,40150.0,40300.0,-462.0,-1.13,17,0.0,0,after_market
2026-04-29,MTX,202604W5/202605,222.0,223.0,150.0,163.0,0.0,0.0,51,0.0,0,after_market
2026-04-29,MTX,202605/202606,0.0,0.0,0.0,0.0,0.0,0.0,0,0.0,0,after_market
2026-04-29,MTX,202605/202607,0.0,0.0,0.0,0.0,0.0,0.0,0,0.0,0,after_market
2026-04-29,MTX,202605/202609,0.0,0.0,0.0,0.0,0.0,0.0,0,0.0,0,after_market
2026-04-29,MTX,202605/202612,0.0,0.0,0.0,0.0,0.0,0.0,0,0.0,0,after_market
2026-04-29,MTX,202605/202703,920.0,920.0,910.0,910.0,0.0,0.0,4,0.0,0,after_market
2026-04-29,MTX,202605W1/202605,0.0,0.0,0.0,0.0,0.0,0.0,0,0.0,0,after_market
2026-04-29,MTX,202606/202607,0.0,0.0,0.0,0.0,0.0,0.0,0,0.0,0,after_market
2026-04-29,MTX,202606/202703,710.0,710.0,710.0,710.0,0.0,0.0,1,0.0,0,after_market
2026-04-29,MTX,202607/202703,0.0,0.0,0.0,0.0,0.0,0.0,0,0.0,0,after_market
2026-04-29,MTX,202604W5,39482.0,39554.0,38979.0,39350.0,-189.0,-0.48,129,0.0,107,position
2026-04-29,MTX,202605W1,39544.0,39545.0,39143.0,39362.0,-226.0,-0.57,100,39362.0,116,position
2026-04-29,MTX,202605W2,39546.0,39546.0,39449.0,39449.0,-212.0,-0.53,12,39425.0,9,position
2026-04-29,MTX,202605,39691.0,39787.0,39120.0,39486.0,-247.0,-0.62,134791,39479.0,26804,position
2026-04-29,MTX,202606,39761.0,39863.0,39220.0,39568.0,-246.0,-0.62,4547,39572.0,4661,position
2026-04-29,MTX,202607,39725.0,39759.0,39204.0,39539.0,-257.0,-0.65,189,39540.0,446,position
2026-04-29,MTX,202609,39900.0,39900.0,39480.0,39541.0,-354.0,-0.89,41,39636.0,1920,position
2026-04-29,MTX,202612,39923.0,40181.0,39701.0,40010.0,-224.0,-0.56,35,39968.0,602,position
2026-04-29,MTX,202703,40306.0,40620.0,40055.0,40317.0,-445.0,-1.09,30,40337.0,210,position
2026-04-29,MTX,202604W5/202605,155.0,179.0,129.0,129.0,0.0,0.0,33,0.0,0,position
2026-04-29,MTX,202605/202606,0.0,0.0,0.0,0.0,0.0,0.0,0,0.0,0,position
2026-04-29,MTX,202605/202607,54.0,54.0,54.0,54.0,0.0,0.0,2,0.0,0,position
2026-04-29,MTX,202605/202609,149.0,149.0,148.0,148.0,0.0,0.0,4,0.0,0,position
2026-04-29,MTX,202605/202612,0.0,0.0,0.0,0.0,0.0,0.0,0,0.0,0,position
2026-04-29,MTX,202605/202703,841.0,841.0,838.0,838.0,0.0,0.0,6,0.0,0,position
2026-04-29,MTX,202605W1/202605,130.0,130.0,112.0,115.0,0.0,0.0,67,0.0,0,position
2026-04-29,MTX,202605W2/202605,100.0,100.0,71.0,71.0,0.0,0.0,9,0.0,0,position
2026-04-29,MTX,202606/202607,0.0,0.0,0.0,0.0,0.0,0.0,0,0.0,0,position
2026-04-29,MTX,202606/202703,765.0,765.0,765.0,765.0,0.0,0.0,1,0.0,0,position
2026-04-29,MTX,202607/202609,0.0,0.0,0.0,0.0,0.0,0.0,0,0.0,0,position
2026-04-29,MTX,202607/202703,0.0,0.0,0.0,0.0,0.0,0.0,0,0.0,0,position
2026-04-30,MTX,202605W1,39362.0,39471.0,39150.0,39150.0,-212.0,-0.54,26,0.0,0,after_market
2026-04-30,MTX,202605W2,39368.0,39368.0,39285.0,39302.0,-123.0,-0.31,36,0.0,0,after_market
2026-04-30,MTX,202605,39479.0,39649.0,39169.0,39343.0,-136.0,-0.34,144915,0.0,0,after_market
2026-04-30,MTX,202606,39579.0,39731.0,39254.0,39429.0,-143.0,-0.36,3950,0.0,0,after_market
2026-04-30,MTX,202607,39613.0,39688.0,39258.0,39403.0,-137.0,-0.35,224,0.0,0,after_market
2026-04-30,MTX,202609,39650.0,39766.0,39376.0,39548.0,-88.0,-0.22,64,0.0,0,after_market
2026-04-30,MTX,202612,39988.0,40119.0,39666.0,39750.0,-218.0,-0.55,45,0.0,0,after_market
2026-04-30,MTX,202703,40314.0,40314.0,40055.0,40055.0,-282.0,-0.7,15,0.0,0,after_market
2026-04-30,MTX,202605/202606,0.0,0.0,0.0,0.0,0.0,0.0,0,0.0,0,after_market
2026-04-30,MTX,202605/202607,0.0,0.0,0.0,0.0,0.0,0.0,0,0.0,0,after_market
2026-04-30,MTX,202605/202609,0.0,0.0,0.0,0.0,0.0,0.0,0,0.0,0,after_market
2026-04-30,MTX,202605/202612,0.0,0.0,0.0,0.0,0.0,0.0,0,0.0,0,after_market
2026-04-30,MTX,202605/202703,0.0,0.0,0.0,0.0,0.0,0.0,0,0.0,0,after_market
2026-04-30,MTX,202605W1/202605,115.0,116.0,101.0,101.0,0.0,0.0,12,0.0,0,after_market
2026-04-30,MTX,202605W2/202605,64.0,67.0,64.0,67.0,0.0,0.0,32,0.0,0,after_market
2026-04-30,MTX,202606/202607,0.0,0.0,0.0,0.0,0.0,0.0,0,0.0,0,after_market
2026-04-30,MTX,202606/202703,0.0,0.0,0.0,0.0,0.0,0.0,0,0.0,0,after_market
2026-04-30,MTX,202605W1,39799.0,39799.0,39208.0,39249.0,-113.0,-0.29,92,39249.0,135,position
2026-04-30,MTX,202605W2,39425.0,0.0,0.0,39425.0,0.0,0.0,1,39296.0,39,position
2026-04-30,MTX,202605,39648.0,39937.0,39266.0,39360.0,-119.0,-0.3,159350,39342.0,27734,position
2026-04-30,MTX,202606,39697.0,40016.0,39350.0,39434.0,-138.0,-0.35,5066,39418.0,4619,position
2026-04-30,MTX,202607,39600.0,39972.0,39330.0,39380.0,-160.0,-0.4,221,39420.0,444,position
2026-04-30,MTX,202609,39762.0,40080.0,39460.0,39488.0,-148.0,-0.37,131,39500.0,1936,position
2026-04-30,MTX,202612,40181.0,40356.0,39777.0,39801.0,-167.0,-0.42,28,39821.0,603,position
2026-04-30,MTX,202703,40455.0,40687.0,40257.0,40314.0,-23.0,-0.06,16,40200.0,206,position
2026-04-30,MTX,202605/202606,83.0,83.0,81.0,81.0,0.0,0.0,4,0.0,0,position
2026-04-30,MTX,202605/202607,48.0,49.0,45.0,49.0,0.0,0.0,9,0.0,0,position
2026-04-30,MTX,202605/202609,0.0,0.0,0.0,0.0,0.0,0.0,0,0.0,0,position
2026-04-30,MTX,202605/202612,474.0,474.0,474.0,474.0,0.0,0.0,4,0.0,0,position
2026-04-30,MTX,202605/202703,0.0,0.0,0.0,0.0,0.0,0.0,0,0.0,0,position
2026-04-30,MTX,202605W1/202605,110.0,113.0,95.0,106.0,0.0,0.0,24,0.0,0,position
2026-04-30,MTX,202605W2/202605,49.0,49.0,49.0,49.0,0.0,0.0,1,0.0,0,position
2026-04-30,MTX,202606/202607,0.0,0.0,0.0,0.0,0.0,0.0,0,0.0,0,position
2026-04-30,MTX,202606/202703,0.0,0.0,0.0,0.0,0.0,0.0,0,0.0,0,position
2026-05-04,MTX,202605W1,39388.0,40038.0,39388.0,39845.0,596.0,1.52,122,0.0,0,after_market
2026-05-04,MTX,202605W2,39596.0,40044.0,39596.0,40044.0,748.0,1.9,6,0.0,0,after_market
2026-05-04,MTX,202605,39385.0,40234.0,39373.0,40094.0,752.0,1.91,159034,0.0,0,after_market
2026-05-04,MTX,202606,39425.0,40305.0,39425.0,40163.0,745.0,1.89,5234,0.0,0,after_market
2026-05-04,MTX,202607,39523.0,40240.0,39523.0,40085.0,665.0,1.69,343,0.0,0,after_market
2026-05-04,MTX,202609,39493.0,40347.0,39493.0,40100.0,600.0,1.52,121,0.0,0,after_market
2026-05-04,MTX,202612,39850.0,40570.0,39850.0,40531.0,710.0,1.78,37,0.0,0,after_market
2026-05-04,MTX,202703,40514.0,40999.0,40305.0,40999.0,799.0,1.99,25,0.0,0,after_market
2026-05-04,MTX,202605/202606,71.0,71.0,71.0,71.0,0.0,0.0,5,0.0,0,after_market
2026-05-04,MTX,202605/202607,0.0,0.0,0.0,0.0,0.0,0.0,0,0.0,0,after_market
2026-05-04,MTX,202605/202609,0.0,0.0,0.0,0.0,0.0,0.0,0,0.0,0,after_market
2026-05-04,MTX,202605/202612,0.0,0.0,0.0,0.0,0.0,0.0,0,0.0,0,after_market
2026-05-04,MTX,202605/202703,0.0,0.0,0.0,0.0,0.0,0.0,0,0.0,0,after_market
2026-05-04,MTX,202605W1/202605,110.0,165.0,110.0,165.0,0.0,0.0,54,0.0,0,after_market
2026-05-04,MTX,202605W2/202605,0.0,0.0,0.0,0.0,0.0,0.0,0,0.0,0,after_market
2026-05-04,MTX,202606/202703,0.0,0.0,0.0,0.0,0.0,0.0,0,0.0,0,after_market
2026-05-04,MTX,202607/202703,0.0,0.0,0.0,0.0,0.0,0.0,0,0.0,0,after_market
2026-05-04,MTX,202605W1,40200.0,40770.0,40122.0,40760.0,1511.0,3.85,147,40806.0,107,position
2026-05-04,MTX,202605W2,40118.0,40806.0,40118.0,40806.0,1510.0,3.84,2,40901.0,36,position
2026-05-04,MTX,202605,40423.0,41074.0,40164.0,41042.0,1700.0,4.32,132314,41056.0,28505,position
2026-05-04,MTX,202606,40426.0,41164.0,40257.0,41136.0,1718.0,4.36,5161,41138.0,5251,position
2026-05-04,MTX,202607,40418.0,41118.0,40200.0,41109.0,1689.0,4.28,411,41082.0,467,position
2026-05-04,MTX,202609,40533.0,41188.0,40300.0,41187.0,1687.0,4.27,148,41177.0,1924,position
2026-05-04,MTX,202612,40780.0,41438.0,40636.0,41438.0,1617.0,4.06,85,41454.0,606,position
2026-05-04,MTX,202703,41200.0,41886.0,40923.0,41820.0,1620.0,4.03,79,41831.0,195,position
2026-05-04,MTX,202605/202606,72.0,91.0,71.0,91.0,0.0,0.0,91,0.0,0,position
2026-05-04,MTX,202605/202607,44.0,44.0,44.0,44.0,0.0,0.0,5,0.0,0,position
2026-05-04,MTX,202605/202609,131.0,131.0,131.0,131.0,0.0,0.0,1,0.0,0,position
2026-05-04,MTX,202605/202612,0.0,0.0,0.0,0.0,0.0,0.0,0,0.0,0,position
2026-05-04,MTX,202605/202703,0.0,0.0,0.0,0.0,0.0,0.0,0,0.0,0,position
2026-05-04,MTX,202605W1/202605,181.0,245.0,181.0,245.0,0.0,0.0,62,0.0,0,position
2026-05-04,MTX,202605W2/202605,0.0,0.0,0.0,0.0,0.0,0.0,0,0.0,0,position
2026-05-04,MTX,202606/202609,0.0,0.0,0.0,0.0,0.0,0.0,0,0.0,0,position
2026-05-04,MTX,202606/202612,0.0,0.0,0.0,0.0,0.0,0.0,0,0.0,0,position
2026-05-04,MTX,202606/202703,0.0,0.0,0.0,0.0,0.0,0.0,0,0.0,0,position
2026-05-04,MTX,202607/202703,0.0,0.0,0.0,0.0,0.0,0.0,0,0.0,0,position
2026-05-05,MTX,202605W1,40806.0,40878.0,40377.0,40535.0,-271.0,-0.66,93,0.0,0,after_market
2026-05-05,MTX,202605W2,40876.0,40878.0,40620.0,40620.0,-281.0,-0.69,5,0.0,0,after_market
2026-05-05,MTX,202605,40999.0,41184.0,40546.0,40799.0,-257.0,-0.63,154710,0.0,0,after_market
2026-05-05,MTX,202606,41101.0,41278.0,40648.0,40900.0,-238.0,-0.58,5418,0.0,0,after_market
2026-05-05,MTX,202607,40991.0,41216.0,40611.0,40786.0,-296.0,-0.72,303,0.0,0,after_market
2026-05-05,MTX,202609,41139.0,41323.0,40750.0,40951.0,-226.0,-0.55,102,0.0,0,after_market
2026-05-05,MTX,202612,41588.0,41588.0,41000.0,41136.0,-318.0,-0.77,56,0.0,0,after_market
2026-05-05,MTX,202703,41888.0,41888.0,41391.0,41669.0,-162.0,-0.39,10,0.0,0,after_market
2026-05-05,MTX,202605/202606,92.0,101.0,92.0,98.0,0.0,0.0,16,0.0,0,after_market
2026-05-05,MTX,202605/202607,58.0,58.0,58.0,58.0,0.0,0.0,3,0.0,0,after_market
2026-05-05,MTX,202605/202609,0.0,0.0,0.0,0.0,0.0,0.0,0,0.0,0,after_market
2026-05-05,MTX,202605/202612,0.0,0.0,0.0,0.0,0.0,0.0,0,0.0,0,after_market
2026-05-05,MTX,202605W1/202605,229.0,229.0,192.0,194.0,0.0,0.0,14,0.0,0,after_market
2026-05-05,MTX,202605W2/202605,0.0,0.0,0.0,0.0,0.0,0.0,0,0.0,0,after_market
2026-05-05,MTX,202606/202703,0.0,0.0,0.0,0.0,0.0,0.0,0,0.0,0,after_market
2026-05-05,MTX,202607/202703,0.0,0.0,0.0,0.0,0.0,0.0,0,0.0,0,after_market
2026-05-05,MTX,202605W1,40709.0,40807.0,40582.0,40743.0,-63.0,-0.15,46,40807.0,110,position
2026-05-05,MTX,202605W2,40850.0,40850.0,40850.0,40850.0,-51.0,-0.12,1,40889.0,39,position
2026-05-05,MTX,202605,40943.0,41091.0,40796.0,41036.0,-20.0,-0.05,99937,41034.0,27757,position
2026-05-05,MTX,202606,41000.0,41181.0,40894.0,41138.0,0.0,0.0,2989,41128.0,5027,position
2026-05-05,MTX,202607,41006.0,41120.0,40860.0,41085.0,3.0,0.01,175,41090.0,450,position
2026-05-05,MTX,202609,41105.0,41220.0,40975.0,41143.0,-34.0,-0.08,77,41190.0,1886,position
2026-05-05,MTX,202612,41337.0,41508.0,41265.0,41508.0,54.0,0.13,48,41506.0,643,position
2026-05-05,MTX,202703,41800.0,41991.0,41612.0,41838.0,7.0,0.02,64,41903.0,208,position
2026-05-05,MTX,202605/202606,98.0,98.0,97.0,97.0,0.0,0.0,15,0.0,0,position
2026-05-05,MTX,202605/202607,0.0,0.0,0.0,0.0,0.0,0.0,0,0.0,0,position
2026-05-05,MTX,202605/202609,0.0,0.0,0.0,0.0,0.0,0.0,0,0.0,0,position
2026-05-05,MTX,202605/202612,0.0,0.0,0.0,0.0,0.0,0.0,0,0.0,0,position
2026-05-05,MTX,202605/202703,0.0,0.0,0.0,0.0,0.0,0.0,0,0.0,0,position
2026-05-05,MTX,202605W1/202605,233.0,239.0,225.0,225.0,0.0,0.0,6,0.0,0,position
2026-05-05,MTX,202606/202703,0.0,0.0,0.0,0.0,0.0,0.0,0,0.0,0,position
2026-05-05,MTX,202607/202703,0.0,0.0,0.0,0.0,0.0,0.0,0,0.0,0,position
2026-05-06,MTX,202605W1,40887.0,41302.0,40825.0,41272.0,465.0,1.14,112,0.0,0,after_market
2026-05-06,MTX,202605W2,41160.0,41355.0,41160.0,41355.0,466.0,1.14,44,0.0,0,after_market
2026-05-06,MTX,202605,41075.0,41569.0,40960.0,41560.0,526.0,1.28,127492,0.0,0,after_market
2026-05-06,MTX,202606,41187.0,41659.0,41056.0,41650.0,522.0,1.27,4953,0.0,0,after_market
2026-05-06,MTX,202607,41179.0,41608.0,41017.0,41608.0,518.0,1.26,486,0.0,0,after_market
2026-05-06,MTX,202609,41309.0,41714.0,41209.0,41608.0,418.0,1.01,113,0.0,0,after_market
2026-05-06,MTX,202612,41631.0,42010.0,41477.0,42008.0,502.0,1.21,100,0.0,0,after_market
2026-05-06,MTX,202703,42018.0,42453.0,41948.0,42453.0,550.0,1.31,61,0.0,0,after_market
2026-05-06,MTX,202605/202606,95.0,95.0,91.0,92.0,0.0,0.0,48,0.0,0,after_market
2026-05-06,MTX,202605/202607,53.0,54.0,53.0,54.0,0.0,0.0,4,0.0,0,after_market
2026-05-06,MTX,202605/202609,0.0,0.0,0.0,0.0,0.0,0.0,0,0.0,0,after_market
2026-05-06,MTX,202605/202612,0.0,0.0,0.0,0.0,0.0,0.0,0,0.0,0,after_market
2026-05-06,MTX,202605/202703,0.0,0.0,0.0,0.0,0.0,0.0,0,0.0,0,after_market
2026-05-06,MTX,202605W1/202605,270.0,294.0,239.0,239.0,0.0,0.0,14,0.0,0,after_market
2026-05-06,MTX,202605W2/202605,154.0,156.0,154.0,156.0,0.0,0.0,40,0.0,0,after_market
2026-05-06,MTX,202606/202607,0.0,0.0,0.0,0.0,0.0,0.0,0,0.0,0,after_market
2026-05-06,MTX,202606/202703,0.0,0.0,0.0,0.0,0.0,0.0,0,0.0,0,after_market
2026-05-06,MTX,202607/202703,0.0,0.0,0.0,0.0,0.0,0.0,0,0.0,0,after_market
2026-05-06,MTX,202605W1,41406.0,41610.0,40673.0,41178.0,371.0,0.91,158,0.0,139,position
2026-05-06,MTX,202605W2,41518.0,41763.0,41074.0,41250.0,361.0,0.88,121,41360.0,113,position
2026-05-06,MTX,202605,41671.0,42002.0,41041.0,41511.0,477.0,1.16,180518,41514.0,27666,position
2026-05-06,MTX,202606,41725.0,42100.0,41162.0,41615.0,487.0,1.18,6283,41625.0,5327,position
2026-05-06,MTX,202607,41743.0,42050.0,41170.0,41590.0,500.0,1.22,464,41604.0,556,position
2026-05-06,MTX,202609,41787.0,42137.0,41380.0,41720.0,530.0,1.29,158,41712.0,1925,position
2026-05-06,MTX,202612,42153.0,42442.0,41607.0,42067.0,561.0,1.35,79,42039.0,639,position
2026-05-06,MTX,202703,42482.0,42900.0,42150.0,42607.0,704.0,1.68,70,42460.0,214,position
2026-05-06,MTX,202605/202606,93.0,119.0,93.0,113.0,0.0,0.0,50,0.0,0,position
2026-05-06,MTX,202605/202607,55.0,98.0,55.0,98.0,0.0,0.0,10,0.0,0,position
2026-05-06,MTX,202605/202609,223.0,223.0,223.0,223.0,0.0,0.0,8,0.0,0,position
2026-05-06,MTX,202605/202612,563.0,563.0,563.0,563.0,0.0,0.0,1,0.0,0,position
2026-05-06,MTX,202605/202703,0.0,0.0,0.0,0.0,0.0,0.0,0,0.0,0,position
2026-05-06,MTX,202605W1/202605,277.0,403.0,239.0,239.0,0.0,0.0,28,0.0,0,position
2026-05-06,MTX,202605W1/202605W2,0.0,0.0,0.0,0.0,0.0,0.0,0,0.0,0,position
2026-05-06,MTX,202605W2/202605,171.0,208.0,151.0,159.0,0.0,0.0,109,0.0,0,position
2026-05-06,MTX,202606/202607,0.0,0.0,0.0,0.0,0.0,0.0,0,0.0,0,position
2026-05-06,MTX,202606/202609,0.0,0.0,0.0,0.0,0.0,0.0,0,0.0,0,position
2026-05-06,MTX,202606/202612,0.0,0.0,0.0,0.0,0.0,0.0,0,0.0,0,position
2026-05-06,MTX,202606/202703,0.0,0.0,0.0,0.0,0.0,0.0,0,0.0,0,position
2026-05-06,MTX,202607/202703,0.0,0.0,0.0,0.0,0.0,0.0,0,0.0,0,position
2026-05-07,MTX,202605W2,41360.0,42037.0,41280.0,42037.0,677.0,1.64,48,0.0,0,after_market
2026-05-07,MTX,202605,41436.0,42329.0,41413.0,42329.0,815.0,1.96,158422,0.0,0,after_market
2026-05-07,MTX,202606,41547.0,42444.0,41530.0,42444.0,819.0,1.97,6935,0.0,0,after_market
2026-05-07,MTX,202607,41604.0,42405.0,41552.0,42405.0,801.0,1.93,405,0.0,0,after_market
2026-05-07,MTX,202609,41673.0,42527.0,41647.0,42527.0,815.0,1.95,141,0.0,0,after_market
2026-05-07,MTX,202612,42100.0,42985.0,42065.0,42985.0,946.0,2.25,65,0.0,0,after_market
2026-05-07,MTX,202703,42424.0,43569.0,42424.0,43333.0,873.0,2.06,75,0.0,0,after_market
2026-05-07,MTX,202605/202606,114.0,116.0,111.0,112.0,0.0,0.0,46,0.0,0,after_market
2026-05-07,MTX,202605/202607,98.0,98.0,98.0,98.0,0.0,0.0,1,0.0,0,after_market
2026-05-07,MTX,202605/202609,0.0,0.0,0.0,0.0,0.0,0.0,0,0.0,0,after_market
2026-05-07,MTX,202605/202612,0.0,0.0,0.0,0.0,0.0,0.0,0,0.0,0,after_market
2026-05-07,MTX,202605/202703,0.0,0.0,0.0,0.0,0.0,0.0,0,0.0,0,after_market
2026-05-07,MTX,202605W2/202605,150.0,164.0,149.0,164.0,0.0,0.0,11,0.0,0,after_market
2026-05-07,MTX,202606/202607,0.0,0.0,0.0,0.0,0.0,0.0,0,0.0,0,after_market
2026-05-07,MTX,202606/202609,0.0,0.0,0.0,0.0,0.0,0.0,0,0.0,0,after_market
2026-05-07,MTX,202606/202612,0.0,0.0,0.0,0.0,0.0,0.0,0,0.0,0,after_market
2026-05-07,MTX,202606/202703,0.0,0.0,0.0,0.0,0.0,0.0,0,0.0,0,after_market
2026-05-07,MTX,202607/202703,0.0,0.0,0.0,0.0,0.0,0.0,0,0.0,0,after_market
2026-05-07,MTX,202605W2,42056.0,42258.0,41887.0,42133.0,773.0,1.87,97,42133.0,71,position
2026-05-07,MTX,202605,42331.0,42468.0,42002.0,42355.0,841.0,2.03,128805,42352.0,29761,position
2026-05-07,MTX,202606,42477.0,42578.0,42130.0,42461.0,836.0,2.01,5113,42475.0,5460,position
2026-05-07,MTX,202607,42480.0,42578.0,42150.0,42464.0,860.0,2.07,401,42463.0,627,position
2026-05-07,MTX,202609,42601.0,42698.0,42250.0,42625.0,913.0,2.19,113,42582.0,1907,position
2026-05-07,MTX,202612,42755.0,43017.0,42730.0,42966.0,927.0,2.21,18,42987.0,625,position
2026-05-07,MTX,202703,43335.0,43630.0,43141.0,43423.0,963.0,2.27,20,43565.0,203,position
2026-05-07,MTX,202605/202606,118.0,122.0,113.0,117.0,0.0,0.0,24,0.0,0,position
2026-05-07,MTX,202605/202607,0.0,0.0,0.0,0.0,0.0,0.0,0,0.0,0,position
2026-05-07,MTX,202605/202609,0.0,0.0,0.0,0.0,0.0,0.0,0,0.0,0,position
2026-05-07,MTX,202605/202612,0.0,0.0,0.0,0.0,0.0,0.0,0,0.0,0,position
2026-05-07,MTX,202605W2/202605,186.0,217.0,186.0,216.0,0.0,0.0,32,0.0,0,position
2026-05-07,MTX,202606/202607,0.0,0.0,0.0,0.0,0.0,0.0,0,0.0,0,position
2026-05-07,MTX,202606/202612,0.0,0.0,0.0,0.0,0.0,0.0,0,0.0,0,position
2026-05-07,MTX,202606/202703,0.0,0.0,0.0,0.0,0.0,0.0,0,0.0,0,position
2026-05-07,MTX,202607/202703,0.0,0.0,0.0,0.0,0.0,0.0,0,0.0,0,position
2026-05-08,MTX,202605W2,42010.0,42115.0,41558.0,41768.0,-365.0,-0.87,90,0.0,0,after_market
2026-05-08,MTX,202605,42425.0,42554.0,41751.0,41967.0,-385.0,-0.91,164009,0.0,0,after_market
2026-05-08,MTX,202606,42515.0,42670.0,41891.0,42083.0,-392.0,-0.92,6033,0.0,0,after_market
2026-05-08,MTX,202607,42522.0,42638.0,42000.0,42193.0,-270.0,-0.64,324,0.0,0,after_market
2026-05-08,MTX,202609,42640.0,42798.0,42114.0,42208.0,-374.0,-0.88,116,0.0,0,after_market
2026-05-08,MTX,202612,43147.0,43173.0,42655.0,42805.0,-182.0,-0.42,48,0.0,0,after_market
2026-05-08,MTX,202703,43620.0,43985.0,43318.0,43453.0,-112.0,-0.26,33,0.0,0,after_market
2026-05-08,MTX,202605/202606,116.0,117.0,116.0,117.0,0.0,0.0,8,0.0,0,after_market
2026-05-08,MTX,202605/202607,153.0,172.0,153.0,172.0,0.0,0.0,5,0.0,0,after_market
2026-05-08,MTX,202605/202609,257.0,320.0,257.0,320.0,0.0,0.0,6,0.0,0,after_market
2026-05-08,MTX,202605/202612,0.0,0.0,0.0,0.0,0.0,0.0,0,0.0,0,after_market
2026-05-08,MTX,202605/202703,0.0,0.0,0.0,0.0,0.0,0.0,0,0.0,0,after_market
2026-05-08,MTX,202605W2/202605,211.0,216.0,183.0,183.0,0.0,0.0,30,0.0,0,after_market
2026-05-08,MTX,202606/202607,0.0,0.0,0.0,0.0,0.0,0.0,0,0.0,0,after_market
2026-05-08,MTX,202606/202609,0.0,0.0,0.0,0.0,0.0,0.0,0,0.0,0,after_market
2026-05-08,MTX,202606/202703,0.0,0.0,0.0,0.0,0.0,0.0,0,0.0,0,after_market
2026-05-08,MTX,202605W2,41936.0,42048.0,41392.0,41720.0,-413.0,-0.98,82,41735.0,82,position
2026-05-08,MTX,202605,42064.0,42342.0,41541.0,41936.0,-416.0,-0.98,146202,41931.0,29543,position
2026-05-08,MTX,202606,42185.0,42467.0,41683.0,42069.0,-406.0,-0.96,5831,42060.0,6133,position
2026-05-08,MTX,202607,42252.0,42465.0,41718.0,42120.0,-343.0,-0.81,348,42103.0,691,position
2026-05-08,MTX,202609,42379.0,42606.0,41888.0,42222.0,-360.0,-0.85,112,42238.0,1942,position
2026-05-08,MTX,202612,42873.0,43055.0,42415.0,42619.0,-368.0,-0.86,41,42711.0,636,position
2026-05-08,MTX,202703,43473.0,43503.0,43000.0,43205.0,-360.0,-0.83,39,43268.0,224,position
2026-05-08,MTX,202605/202606,125.0,141.0,125.0,127.0,0.0,0.0,21,0.0,0,position
2026-05-08,MTX,202605/202607,170.0,170.0,170.0,170.0,0.0,0.0,4,0.0,0,position
2026-05-08,MTX,202605/202609,307.0,307.0,305.0,305.0,0.0,0.0,16,0.0,0,position
2026-05-08,MTX,202605/202612,770.0,770.0,767.0,767.0,0.0,0.0,12,0.0,0,position
2026-05-08,MTX,202605/202703,0.0,0.0,0.0,0.0,0.0,0.0,0,0.0,0,position
2026-05-08,MTX,202605W2/202605,201.0,211.0,201.0,208.0,0.0,0.0,6,0.0,0,position
2026-05-08,MTX,202606/202607,0.0,0.0,0.0,0.0,0.0,0.0,0,0.0,0,position
2026-05-08,MTX,202606/202703,0.0,0.0,0.0,0.0,0.0,0.0,0,0.0,0,position
2026-05-08,MTX,202607/202703,0.0,0.0,0.0,0.0,0.0,0.0,0,0.0,0,position
2026-05-11,MTX,202605W2,41806.0,42078.0,41572.0,42078.0,343.0,0.82,81,0.0,0,after_market
2026-05-11,MTX,202605,41999.0,42300.0,41669.0,42291.0,360.0,0.86,124094,0.0,0,after_market
2026-05-11,MTX,202606,42102.0,42429.0,41808.0,42422.0,362.0,0.86,4579,0.0,0,after_market
2026-05-11,MTX,202607,42176.0,42462.0,41841.0,42462.0,359.0,0.85,268,0.0,0,after_market
2026-05-11,MTX,202609,42235.0,42608.0,42000.0,42608.0,370.0,0.88,93,0.0,0,after_market
2026-05-11,MTX,202612,42715.0,43026.0,42455.0,43026.0,315.0,0.74,36,0.0,0,after_market
2026-05-11,MTX,202703,43176.0,43610.0,43150.0,43610.0,342.0,0.79,17,0.0,0,after_market
2026-05-11,MTX,202605/202606,0.0,0.0,0.0,0.0,0.0,0.0,0,0.0,0,after_market
2026-05-11,MTX,202605/202607,0.0,0.0,0.0,0.0,0.0,0.0,0,0.0,0,after_market
2026-05-11,MTX,202605/202609,0.0,0.0,0.0,0.0,0.0,0.0,0,0.0,0,after_market
2026-05-11,MTX,202605/202612,0.0,0.0,0.0,0.0,0.0,0.0,0,0.0,0,after_market
2026-05-11,MTX,202605/202703,0.0,0.0,0.0,0.0,0.0,0.0,0,0.0,0,after_market
2026-05-11,MTX,202605W2/202605,201.0,222.0,200.0,222.0,0.0,0.0,14,0.0,0,after_market
2026-05-11,MTX,202607/202609,0.0,0.0,0.0,0.0,0.0,0.0,0,0.0,0,after_market
2026-05-11,MTX,202607/202703,0.0,0.0,0.0,0.0,0.0,0.0,0,0.0,0,after_market
2026-05-11,MTX,202605W2,42014.0,42014.0,41726.0,41953.0,218.0,0.52,54,41767.0,74,position
2026-05-11,MTX,202605,42216.0,42255.0,41803.0,41953.0,22.0,0.05,110308,41969.0,29778,position
2026-05-11,MTX,202606,42350.0,42378.0,41935.0,42076.0,16.0,0.04,4899,42080.0,6135,position
2026-05-11,MTX,202607,42375.0,42397.0,42000.0,42114.0,11.0,0.03,284,42114.0,785,position
2026-05-11,MTX,202609,42528.0,42530.0,42154.0,42268.0,30.0,0.07,93,42258.0,1997,position
2026-05-11,MTX,202612,42999.0,43026.0,42607.0,42713.0,2.0,0.0,22,42689.0,629,position
2026-05-11,MTX,202703,43600.0,43600.0,43250.0,43268.0,0.0,0.0,38,43282.0,218,position
2026-05-11,MTX,202605/202606,128.0,128.0,121.0,121.0,0.0,0.0,18,0.0,0,position
2026-05-11,MTX,202605/202607,0.0,0.0,0.0,0.0,0.0,0.0,0,0.0,0,position
2026-05-11,MTX,202605/202609,305.0,305.0,305.0,305.0,0.0,0.0,16,0.0,0,position
2026-05-11,MTX,202605/202612,0.0,0.0,0.0,0.0,0.0,0.0,0,0.0,0,position
2026-05-11,MTX,202605/202703,0.0,0.0,0.0,0.0,0.0,0.0,0,0.0,0,position
2026-05-11,MTX,202605W2/202605,203.0,223.0,195.0,201.0,0.0,0.0,24,0.0,0,position
2026-05-11,MTX,202606/202607,0.0,0.0,0.0,0.0,0.0,0.0,0,0.0,0,position
2026-05-11,MTX,202606/202609,0.0,0.0,0.0,0.0,0.0,0.0,0,0.0,0,position
2026-05-11,MTX,202607/202703,0.0,0.0,0.0,0.0,0.0,0.0,0,0.0,0,position
2026-05-12,MTX,202605W2,41762.0,42154.0,41673.0,42110.0,343.0,0.82,65,0.0,0,after_market
2026-05-12,MTX,202605,41982.0,42365.0,41746.0,42270.0,301.0,0.72,133234,0.0,0,after_market
2026-05-12,MTX,202606,42133.0,42479.0,41876.0,42385.0,305.0,0.72,5420,0.0,0,after_market
2026-05-12,MTX,202607,42078.0,42513.0,41927.0,42368.0,254.0,0.6,188,0.0,0,after_market
2026-05-12,MTX,202609,42215.0,42666.0,42078.0,42625.0,367.0,0.87,75,0.0,0,after_market
2026-05-12,MTX,202612,42661.0,43058.0,42500.0,42998.0,309.0,0.72,41,0.0,0,after_market
2026-05-12,MTX,202703,43605.0,43655.0,43605.0,43655.0,373.0,0.86,2,0.0,0,after_market
2026-05-12,MTX,202605/202606,123.0,129.0,114.0,115.0,0.0,0.0,18,0.0,0,after_market
2026-05-12,MTX,202605/202607,155.0,155.0,155.0,155.0,0.0,0.0,2,0.0,0,after_market
2026-05-12,MTX,202605/202609,0.0,0.0,0.0,0.0,0.0,0.0,0,0.0,0,after_market
2026-05-12,MTX,202605/202612,0.0,0.0,0.0,0.0,0.0,0.0,0,0.0,0,after_market
2026-05-12,MTX,202605W2/202605,183.0,204.0,167.0,168.0,0.0,0.0,24,0.0,0,after_market
2026-05-12,MTX,202605W2,42029.0,42108.0,41520.0,41642.0,-125.0,-0.3,108,41560.0,79,position
2026-05-12,MTX,202605,42240.0,42365.0,41605.0,41699.0,-270.0,-0.64,151213,41704.0,29597,position
2026-05-12,MTX,202606,42325.0,42476.0,41726.0,41815.0,-265.0,-0.63,7567,41826.0,6462,position
2026-05-12,MTX,202607,42336.0,42510.0,41782.0,41824.0,-290.0,-0.69,283,41848.0,787,position
2026-05-12,MTX,202609,42543.0,42543.0,42000.0,42000.0,-258.0,-0.61,94,41994.0,1969,position
2026-05-12,MTX,202612,42955.0,43038.0,42387.0,42495.0,-194.0,-0.45,47,42455.0,624,position
2026-05-12,MTX,202703,43200.0,43450.0,43000.0,43000.0,-282.0,-0.65,23,43000.0,228,position
2026-05-12,MTX,202605/202606,114.0,123.0,114.0,123.0,0.0,0.0,6,0.0,0,position
2026-05-12,MTX,202605/202607,139.0,139.0,129.0,129.0,0.0,0.0,5,0.0,0,position
2026-05-12,MTX,202605/202609,305.0,305.0,296.0,298.0,0.0,0.0,13,0.0,0,position
2026-05-12,MTX,202605/202612,0.0,0.0,0.0,0.0,0.0,0.0,0,0.0,0,position
2026-05-12,MTX,202605/202703,0.0,0.0,0.0,0.0,0.0,0.0,0,0.0,0,position
2026-05-12,MTX,202605W2/202605,177.0,177.0,131.0,131.0,0.0,0.0,22,0.0,0,position
2026-05-12,MTX,202606/202703,0.0,0.0,0.0,0.0,0.0,0.0,0,0.0,0,position
2026-05-12,MTX,202607/202703,0.0,0.0,0.0,0.0,0.0,0.0,0,0.0,0,position
2026-05-13,MTX,202605W2,41560.0,41560.0,40731.0,41083.0,-477.0,-1.15,231,0.0,0,after_market
2026-05-13,MTX,202605,41620.0,41690.0,40738.0,41136.0,-568.0,-1.36,200292,0.0,0,after_market
2026-05-13,MTX,202606,41778.0,41810.0,40869.0,41260.0,-566.0,-1.35,12796,0.0,0,after_market
2026-05-13,MTX,202607,41701.0,41806.0,40882.0,41281.0,-567.0,-1.35,432,0.0,0,after_market
2026-05-13,MTX,202609,41987.0,41987.0,41047.0,41459.0,-535.0,-1.27,196,0.0,0,after_market
2026-05-13,MTX,202612,42287.0,42418.0,41500.0,41777.0,-678.0,-1.6,95,0.0,0,after_market
2026-05-13,MTX,202703,42485.0,42547.0,42088.0,42088.0,-912.0,-2.12,7,0.0,0,after_market
2026-05-13,MTX,202605/202606,123.0,128.0,122.0,128.0,0.0,0.0,6,0.0,0,after_market
2026-05-13,MTX,202605/202607,0.0,0.0,0.0,0.0,0.0,0.0,0,0.0,0,after_market
2026-05-13,MTX,202605/202609,0.0,0.0,0.0,0.0,0.0,0.0,0,0.0,0,after_market
2026-05-13,MTX,202605/202612,0.0,0.0,0.0,0.0,0.0,0.0,0,0.0,0,after_market
2026-05-13,MTX,202605/202703,0.0,0.0,0.0,0.0,0.0,0.0,0,0.0,0,after_market
2026-05-13,MTX,202605W2/202605,125.0,125.0,-10.0,65.0,0.0,0.0,87,0.0,0,after_market
2026-05-13,MTX,202606/202703,0.0,0.0,0.0,0.0,0.0,0.0,0,0.0,0,after_market
2026-05-13,MTX,202607/202703,0.0,0.0,0.0,0.0,0.0,0.0,0,0.0,0,after_market
2026-05-13,MTX,202605W2,41181.0,41486.0,40996.0,41470.0,-90.0,-0.22,160,0.0,219,position
2026-05-13,MTX,202605,41213.0,41604.0,40980.0,41483.0,-221.0,-0.53,150426,41448.0,29051,position
2026-05-13,MTX,202605W4,41635.0,41635.0,41635.0,41635.0,-100.0,-0.24,1,41474.0,1,position
2026-05-13,MTX,202606,41310.0,41715.0,41111.0,41575.0,-251.0,-0.6,8662,41576.0,7539,position
2026-05-13,MTX,202607,41359.0,41712.0,41114.0,41600.0,-248.0,-0.59,281,41566.0,787,position
2026-05-13,MTX,202609,41534.0,41855.0,41350.0,41760.0,-234.0,-0.56,91,41741.0,1901,position
2026-05-13,MTX,202612,41973.0,42298.0,41800.0,42200.0,-255.0,-0.6,49,42164.0,650,position
2026-05-13,MTX,202703,42550.0,42735.0,42550.0,42735.0,-265.0,-0.62,4,42720.0,223,position
2026-05-13,MTX,202605/202606,118.0,118.0,112.0,116.0,0.0,0.0,40,0.0,0,position
2026-05-13,MTX,202605/202607,135.0,135.0,121.0,121.0,0.0,0.0,7,0.0,0,position
2026-05-13,MTX,202605/202609,280.0,280.0,280.0,280.0,0.0,0.0,1,0.0,0,position
2026-05-13,MTX,202605/202612,0.0,0.0,0.0,0.0,0.0,0.0,0,0.0,0,position
2026-05-13,MTX,202605W2/202605,73.0,152.0,73.0,152.0,0.0,0.0,7,0.0,0,position
2026-05-13,MTX,202605W2/202606,0.0,0.0,0.0,0.0,0.0,0.0,0,0.0,0,position
2026-05-13,MTX,202607/202609,100.0,100.0,100.0,100.0,0.0,0.0,1,0.0,0,position
2026-05-14,MTX,202605,41510.0,41838.0,41208.0,41755.0,307.0,0.74,147741,0.0,0,after_market
2026-05-14,MTX,202605W4,41578.0,41578.0,41463.0,41464.0,-10.0,-0.02,6,0.0,0,after_market
2026-05-14,MTX,202606,41605.0,41946.0,41333.0,41866.0,290.0,0.7,7872,0.0,0,after_market
2026-05-14,MTX,202607,41601.0,41950.0,41385.0,41872.0,306.0,0.74,341,0.0,0,after_market
2026-05-14,MTX,202609,41734.0,42115.0,41563.0,42000.0,259.0,0.62,58,0.0,0,after_market
2026-05-14,MTX,202612,42200.0,42525.0,41991.0,42459.0,295.0,0.7,54,0.0,0,after_market
2026-05-14,MTX,202703,0.0,0.0,0.0,0.0,0.0,0.0,0,0.0,0,after_market
2026-05-14,MTX,202605/202605W4,0.0,0.0,0.0,0.0,0.0,0.0,0,0.0,0,after_market
2026-05-14,MTX,202605/202606,121.0,121.0,110.0,110.0,0.0,0.0,14,0.0,0,after_market
2026-05-14,MTX,202605/202607,126.0,126.0,126.0,126.0,0.0,0.0,8,0.0,0,after_market
2026-05-14,MTX,202605/202609,287.0,287.0,287.0,287.0,0.0,0.0,2,0.0,0,after_market
2026-05-14,MTX,202605/202612,0.0,0.0,0.0,0.0,0.0,0.0,0,0.0,0,after_market
2026-05-14,MTX,202606/202607,0.0,0.0,0.0,0.0,0.0,0.0,0,0.0,0,after_market
2026-05-14,MTX,202605,41930.0,42239.0,41496.0,41620.0,172.0,0.41,153316,41636.0,28116,position
2026-05-14,MTX,202605W4,42162.0,42256.0,41713.0,41713.0,239.0,0.58,29,41713.0,1,position
2026-05-14,MTX,202606,42032.0,42350.0,41624.0,41752.0,176.0,0.42,9915,41744.0,7847,position
2026-05-14,MTX,202607,42000.0,42345.0,41642.0,41817.0,251.0,0.6,454,41732.0,815,position
2026-05-14,MTX,202609,42202.0,42478.0,41800.0,41956.0,215.0,0.52,78,41901.0,1909,position
2026-05-14,MTX,202612,42641.0,42865.0,42247.0,42401.0,237.0,0.56,59,42331.0,653,position
2026-05-14,MTX,202703,43250.0,43350.0,42877.0,42877.0,157.0,0.37,14,42850.0,224,position
2026-05-14,MTX,202605/202605W4,0.0,0.0,0.0,0.0,0.0,0.0,0,0.0,0,position
2026-05-14,MTX,202605/202606,110.0,133.0,110.0,125.0,0.0,0.0,42,0.0,0,position
2026-05-14,MTX,202605/202607,123.0,123.0,123.0,123.0,0.0,0.0,1,0.0,0,position
2026-05-14,MTX,202605/202609,272.0,272.0,272.0,272.0,0.0,0.0,1,0.0,0,position
2026-05-14,MTX,202605/202612,0.0,0.0,0.0,0.0,0.0,0.0,0,0.0,0,position
2026-05-14,MTX,202605/202703,0.0,0.0,0.0,0.0,0.0,0.0,0,0.0,0,position
2026-05-14,MTX,202606/202607,0.0,0.0,0.0,0.0,0.0,0.0,0,0.0,0,position
2026-05-14,MTX,202606/202703,0.0,0.0,0.0,0.0,0.0,0.0,0,0.0,0,position
2026-05-14,MTX,202607/202703,0.0,0.0,0.0,0.0,0.0,0.0,0,0.0,0,position
2026-05-15,MTX,202605,41768.0,42377.0,41715.0,42362.0,726.0,1.74,138178,0.0,0,after_market
2026-05-15,MTX,202605W4,42364.0,42364.0,42364.0,42364.0,651.0,1.56,1,0.0,0,after_market
2026-05-15,MTX,202606,41864.0,42492.0,41808.0,42480.0,736.0,1.76,9922,0.0,0,after_market
2026-05-15,MTX,202607,41900.0,42468.0,41865.0,42439.0,707.0,1.69,474,0.0,0,after_market
2026-05-15,MTX,202609,42028.0,42625.0,42012.0,42625.0,724.0,1.73,105,0.0,0,after_market
2026-05-15,MTX,202612,42624.0,43045.0,42500.0,43045.0,714.0,1.69,38,0.0,0,after_market
2026-05-15,MTX,202703,43015.0,43546.0,43000.0,43500.0,650.0,1.52,13,0.0,0,after_market
2026-05-15,MTX,202605/202606,122.0,126.0,119.0,120.0,0.0,0.0,10,0.0,0,after_market
2026-05-15,MTX,202605/202607,104.0,104.0,104.0,104.0,0.0,0.0,1,0.0,0,after_market
2026-05-15,MTX,202605/202609,278.0,278.0,278.0,278.0,0.0,0.0,3,0.0,0,after_market
2026-05-15,MTX,202605/202612,0.0,0.0,0.0,0.0,0.0,0.0,0,0.0,0,after_market
2026-05-15,MTX,202606/202607,0.0,0.0,0.0,0.0,0.0,0.0,0,0.0,0,after_market
2026-05-15,MTX,202606/202703,0.0,0.0,0.0,0.0,0.0,0.0,0,0.0,0,after_market
2026-05-15,MTX,202607/202703,0.0,0.0,0.0,0.0,0.0,0.0,0,0.0,0,after_market
2026-05-15,MTX,202605,42291.0,42453.0,40977.0,41001.0,-635.0,-1.53,200006,40998.0,28165,position
2026-05-15,MTX,202605W4,41988.0,41988.0,41191.0,41191.0,-522.0,-1.25,4,41072.0,1,position
2026-05-15,MTX,202606,42412.0,42570.0,41160.0,41177.0,-567.0,-1.36,13935,41176.0,9118,position
2026-05-15,MTX,202607,42387.0,42550.0,41121.0,41130.0,-602.0,-1.44,674,41135.0,1015,position
2026-05-15,MTX,202609,42573.0,42688.0,41388.0,41388.0,-513.0,-1.22,193,41335.0,1890,position
2026-05-15,MTX,202612,43033.0,43106.0,41798.0,41798.0,-533.0,-1.26,82,41774.0,682,position
2026-05-15,MTX,202703,43555.0,43600.0,42447.0,42500.0,-350.0,-0.82,25,42266.0,233,position
2026-05-15,MTX,202605/202605W4,0.0,0.0,0.0,0.0,0.0,0.0,0,0.0,0,position
2026-05-15,MTX,202605/202606,124.0,192.0,124.0,182.0,0.0,0.0,130,0.0,0,position
2026-05-15,MTX,202605/202607,106.0,134.0,105.0,134.0,0.0,0.0,8,0.0,0,position
2026-05-15,MTX,202605/202609,276.0,276.0,276.0,276.0,0.0,0.0,2,0.0,0,position
2026-05-15,MTX,202605/202612,0.0,0.0,0.0,0.0,0.0,0.0,0,0.0,0,position
2026-05-15,MTX,202606/202607,0.0,0.0,0.0,0.0,0.0,0.0,0,0.0,0,position
2026-05-15,MTX,202606/202609,0.0,0.0,0.0,0.0,0.0,0.0,0,0.0,0,position
2026-05-15,MTX,202606/202703,0.0,0.0,0.0,0.0,0.0,0.0,0,0.0,0,position
2026-05-18,MTX,202605,41150.0,41223.0,40448.0,40520.0,-478.0,-1.17,189292,0.0,0,after_market
2026-05-18,MTX,202605W4,40648.0,41043.0,40647.0,41043.0,-29.0,-0.07,6,0.0,0,after_market
2026-05-18,MTX,202606,41282.0,41400.0,40654.0,40725.0,-451.0,-1.1,15056,0.0,0,after_market
2026-05-18,MTX,202607,41270.0,41353.0,40650.0,40691.0,-444.0,-1.08,465,0.0,0,after_market
2026-05-18,MTX,202609,41493.0,41591.0,40888.0,40908.0,-427.0,-1.03,88,0.0,0,after_market
2026-05-18,MTX,202612,41976.0,41976.0,41300.0,41300.0,-474.0,-1.13,87,0.0,0,after_market
2026-05-18,MTX,202703,42085.0,42154.0,41888.0,42154.0,-112.0,-0.26,8,0.0,0,after_market
2026-05-18,MTX,202605/202605W4,91.0,91.0,91.0,91.0,0.0,0.0,1,0.0,0,after_market
2026-05-18,MTX,202605/202606,179.0,208.0,179.0,200.0,0.0,0.0,28,0.0,0,after_market
2026-05-18,MTX,202605/202607,164.0,164.0,164.0,164.0,0.0,0.0,2,0.0,0,after_market
2026-05-18,MTX,202605/202609,0.0,0.0,0.0,0.0,0.0,0.0,0,0.0,0,after_market
2026-05-18,MTX,202605/202612,0.0,0.0,0.0,0.0,0.0,0.0,0,0.0,0,after_market
2026-05-18,MTX,202605/202703,0.0,0.0,0.0,0.0,0.0,0.0,0,0.0,0,after_market
2026-05-18,MTX,202605W4/202606,0.0,0.0,0.0,0.0,0.0,0.0,0,0.0,0,after_market
2026-05-18,MTX,202606/202607,-40.0,-38.0,-40.0,-38.0,0.0,0.0,3,0.0,0,after_market
2026-05-18,MTX,202606/202609,0.0,0.0,0.0,0.0,0.0,0.0,0,0.0,0,after_market
2026-05-18,MTX,202606/202612,0.0,0.0,0.0,0.0,0.0,0.0,0,0.0,0,after_market
2026-05-18,MTX,202606/202703,0.0,0.0,0.0,0.0,0.0,0.0,0,0.0,0,after_market
2026-05-18,MTX,202605,40170.0,40994.0,40148.0,40803.0,-195.0,-0.48,143438,40797.0,26038,position
2026-05-18,MTX,202605W4,40469.0,41053.0,40353.0,41053.0,-19.0,-0.05,8,40862.0,5,position
2026-05-18,MTX,202606,40414.0,41184.0,40351.0,40979.0,-197.0,-0.48,17598,40963.0,11814,position
2026-05-18,MTX,202607,40356.0,41128.0,40333.0,40941.0,-194.0,-0.47,485,40953.0,1170,position
2026-05-18,MTX,202609,40566.0,41333.0,40566.0,41300.0,-35.0,-0.08,82,41140.0,1905,position
2026-05-18,MTX,202612,41000.0,41761.0,41000.0,41638.0,-136.0,-0.33,80,41607.0,692,position
2026-05-18,MTX,202703,41905.0,42250.0,41900.0,42250.0,-16.0,-0.04,13,42144.0,235,position
2026-05-18,MTX,202605/202605W4,91.0,91.0,91.0,91.0,0.0,0.0,2,0.0,0,position
2026-05-18,MTX,202605/202606,194.0,202.0,155.0,168.0,0.0,0.0,357,0.0,0,position
2026-05-18,MTX,202605/202607,142.0,149.0,142.0,144.0,0.0,0.0,4,0.0,0,position
2026-05-18,MTX,202605/202609,0.0,0.0,0.0,0.0,0.0,0.0,0,0.0,0,position
2026-05-18,MTX,202605/202612,0.0,0.0,0.0,0.0,0.0,0.0,0,0.0,0,position
2026-05-18,MTX,202605W4/202606,0.0,0.0,0.0,0.0,0.0,0.0,0,0.0,0,position
2026-05-18,MTX,202606/202607,0.0,0.0,0.0,0.0,0.0,0.0,0,0.0,0,position
2026-05-18,MTX,202606/202609,0.0,0.0,0.0,0.0,0.0,0.0,0,0.0,0,position
2026-05-18,MTX,202606/202612,636.0,650.0,630.0,630.0,0.0,0.0,20,0.0,0,position
2026-05-18,MTX,202606/202703,0.0,0.0,0.0,0.0,0.0,0.0,0,0.0,0,position
2026-05-18,MTX,202607/202612,0.0,0.0,0.0,0.0,0.0,0.0,0,0.0,0,position
2026-05-18,MTX,202607/202703,0.0,0.0,0.0,0.0,0.0,0.0,0,0.0,0,position
2026-05-19,MTX,202605,40956.0,41452.0,40523.0,40885.0,88.0,0.22,188296,0.0,0,after_market
2026-05-19,MTX,202605W4,41420.0,41420.0,40692.0,40918.0,56.0,0.14,6,0.0,0,after_market
2026-05-19,MTX,202606,41080.0,41620.0,40715.0,41077.0,114.0,0.28,23197,0.0,0,after_market
2026-05-19,MTX,202607,41100.0,41580.0,40700.0,41053.0,100.0,0.24,979,0.0,0,after_market
2026-05-19,MTX,202609,41275.0,41777.0,40917.0,40917.0,-223.0,-0.54,143,0.0,0,after_market
2026-05-19,MTX,202612,41701.0,42203.0,41382.0,41633.0,26.0,0.06,53,0.0,0,after_market
2026-05-19,MTX,202703,42300.0,42450.0,42000.0,42338.0,194.0,0.46,15,0.0,0,after_market
2026-05-19,MTX,202605/202606,169.0,189.0,156.0,180.0,0.0,0.0,48,0.0,0,after_market
2026-05-19,MTX,202605/202607,145.0,149.0,145.0,148.0,0.0,0.0,8,0.0,0,after_market
2026-05-19,MTX,202605/202609,0.0,0.0,0.0,0.0,0.0,0.0,0,0.0,0,after_market
2026-05-19,MTX,202605/202612,0.0,0.0,0.0,0.0,0.0,0.0,0,0.0,0,after_market
2026-05-19,MTX,202605/202703,0.0,0.0,0.0,0.0,0.0,0.0,0,0.0,0,after_market
2026-05-19,MTX,202605W4/202606,0.0,0.0,0.0,0.0,0.0,0.0,0,0.0,0,after_market
2026-05-19,MTX,202606/202607,0.0,0.0,0.0,0.0,0.0,0.0,0,0.0,0,after_market
2026-05-19,MTX,202606/202609,173.0,173.0,173.0,173.0,0.0,0.0,1,0.0,0,after_market
2026-05-19,MTX,202606/202612,0.0,0.0,0.0,0.0,0.0,0.0,0,0.0,0,after_market
2026-05-19,MTX,202606/202703,1150.0,1150.0,1150.0,1150.0,0.0,0.0,1,0.0,0,after_market
2026-05-19,MTX,202607/202612,0.0,0.0,0.0,0.0,0.0,0.0,0,0.0,0,after_market
2026-05-19,MTX,202605,40863.0,40934.0,40189.0,40243.0,-554.0,-1.36,139803,40240.0,21508,position
2026-05-19,MTX,202605W4,40734.0,40863.0,40360.0,40360.0,-502.0,-1.23,10,40360.0,7,position
2026-05-19,MTX,202606,41034.0,41114.0,40388.0,40404.0,-559.0,-1.36,24802,40399.0,16822,position
2026-05-19,MTX,202607,41030.0,41088.0,40373.0,40384.0,-569.0,-1.39,800,40381.0,1495,position
2026-05-19,MTX,202609,41118.0,41215.0,40603.0,40603.0,-537.0,-1.31,112,40604.0,1946,position
2026-05-19,MTX,202612,41650.0,41650.0,41098.0,41193.0,-414.0,-1.0,129,41094.0,693,position
2026-05-19,MTX,202703,42200.0,42200.0,41789.0,41789.0,-355.0,-0.84,34,41800.0,247,position
2026-05-19,MTX,202605/202605W4,0.0,0.0,0.0,0.0,0.0,0.0,0,0.0,0,position
2026-05-19,MTX,202605/202606,181.0,202.0,136.0,161.0,0.0,0.0,991,0.0,0,position
2026-05-19,MTX,202605/202607,147.0,147.0,147.0,147.0,0.0,0.0,1,0.0,0,position
2026-05-19,MTX,202605/202609,0.0,0.0,0.0,0.0,0.0,0.0,0,0.0,0,position
2026-05-19,MTX,202605/202612,0.0,0.0,0.0,0.0,0.0,0.0,0,0.0,0,position
2026-05-19,MTX,202605W4/202606,0.0,0.0,0.0,0.0,0.0,0.0,0,0.0,0,position
2026-05-19,MTX,202606/202607,-25.0,-21.0,-25.0,-21.0,0.0,0.0,3,0.0,0,position
2026-05-19,MTX,202606/202609,225.0,225.0,225.0,225.0,0.0,0.0,1,0.0,0,position
2026-05-19,MTX,202606/202612,703.0,703.0,703.0,703.0,0.0,0.0,1,0.0,0,position
2026-05-20,MTX,202605,40330.0,40541.0,39736.0,40162.0,-78.0,-0.19,169914,0.0,0,after_market
2026-05-20,MTX,202605W4,40286.0,40442.0,39850.0,40050.0,-310.0,-0.77,10,0.0,0,after_market
2026-05-20,MTX,202606,40459.0,40696.0,39903.0,40314.0,-85.0,-0.21,44403,0.0,0,after_market
2026-05-20,MTX,202607,40444.0,40695.0,39916.0,40320.0,-61.0,-0.15,830,0.0,0,after_market
2026-05-20,MTX,202609,40712.0,40889.0,40150.0,40610.0,6.0,0.01,162,0.0,0,after_market
2026-05-20,MTX,202612,41265.0,41400.0,40694.0,41020.0,-74.0,-0.18,146,0.0,0,after_market
2026-05-20,MTX,202703,41741.0,41741.0,41358.0,41688.0,-112.0,-0.27,18,0.0,0,after_market
2026-05-20,MTX,202605/202605W4,0.0,0.0,0.0,0.0,0.0,0.0,0,0.0,0,after_market
2026-05-20,MTX,202605/202606,133.0,187.0,127.0,167.0,0.0,0.0,61,0.0,0,after_market
2026-05-20,MTX,202605/202607,0.0,0.0,0.0,0.0,0.0,0.0,0,0.0,0,after_market
2026-05-20,MTX,202605/202609,0.0,0.0,0.0,0.0,0.0,0.0,0,0.0,0,after_market
2026-05-20,MTX,202605/202703,0.0,0.0,0.0,0.0,0.0,0.0,0,0.0,0,after_market
2026-05-20,MTX,202605W4/202606,55.0,55.0,55.0,55.0,0.0,0.0,1,0.0,0,after_market
2026-05-20,MTX,202606/202607,7.0,7.0,6.0,6.0,0.0,0.0,6,0.0,0,after_market
2026-05-20,MTX,202606/202609,0.0,0.0,0.0,0.0,0.0,0.0,0,0.0,0,after_market
2026-05-20,MTX,202606/202612,755.0,755.0,755.0,755.0,0.0,0.0,1,0.0,0,after_market
2026-05-20,MTX,202606/202703,0.0,0.0,0.0,0.0,0.0,0.0,0,0.0,0,after_market
2026-05-20,MTX,202607/202703,0.0,0.0,0.0,0.0,0.0,0.0,0,0.0,0,after_market
2026-05-20,MTX,202605,40042.0,40400.0,39874.0,40079.0,-161.0,-0.4,90636,0.0,10941,position
2026-05-20,MTX,202605W4,40169.0,40280.0,39960.0,40088.0,-272.0,-0.67,17,40075.0,15,position
2026-05-20,MTX,202606W1,40373.0,40527.0,40197.0,40238.0,-135.0,-0.33,6,40230.0,3,position
2026-05-20,MTX,202606,40238.0,40542.0,40005.0,40121.0,-278.0,-0.69,70232,40124.0,24560,position
2026-05-20,MTX,202607,40207.0,40555.0,40050.0,40173.0,-208.0,-0.52,1026,40178.0,1889,position
2026-05-20,MTX,202609,40483.0,40759.0,40300.0,40405.0,-199.0,-0.49,93,40391.0,2014,position
2026-05-20,MTX,202612,40979.0,41253.0,40800.0,40928.0,-166.0,-0.4,54,40921.0,649,position
2026-05-20,MTX,202703,41508.0,41650.0,41361.0,41462.0,-338.0,-0.81,6,41556.0,258,position
2026-05-20,MTX,202605/202605W4,0.0,0.0,0.0,0.0,0.0,0.0,0,0.0,0,position
2026-05-20,MTX,202605/202606,175.0,177.0,70.0,71.0,0.0,0.0,296,0.0,0,position
2026-05-20,MTX,202605/202607,0.0,0.0,0.0,0.0,0.0,0.0,0,0.0,0,position
2026-05-20,MTX,202605/202612,0.0,0.0,0.0,0.0,0.0,0.0,0,0.0,0,position
2026-05-20,MTX,202605W4/202606,0.0,0.0,0.0,0.0,0.0,0.0,0,0.0,0,position
2026-05-20,MTX,202606/202607,29.0,42.0,29.0,42.0,0.0,0.0,5,0.0,0,position
2026-05-20,MTX,202606/202609,0.0,0.0,0.0,0.0,0.0,0.0,0,0.0,0,position
2026-05-20,MTX,202606/202612,0.0,0.0,0.0,0.0,0.0,0.0,0,0.0,0,position
2026-05-20,MTX,202606/202703,0.0,0.0,0.0,0.0,0.0,0.0,0,0.0,0,position
2026-05-20,MTX,202606W1/202606,0.0,0.0,0.0,0.0,0.0,0.0,0,0.0,0,position
2026-05-20,MTX,202609/202612,0.0,0.0,0.0,0.0,0.0,0.0,0,0.0,0,position
2026-05-21,MTX,202605W4,40215.0,40862.0,40215.0,40861.0,786.0,1.96,34,0.0,0,after_market
2026-05-21,MTX,202606W1,40100.0,40858.0,40100.0,40858.0,628.0,1.56,10,0.0,0,after_market
2026-05-21,MTX,202606,40275.0,41099.0,40217.0,40991.0,867.0,2.16,149605,0.0,0,after_market
2026-05-21,MTX,202607,40300.0,41099.0,40279.0,40997.0,819.0,2.04,3240,0.0,0,after_market
2026-05-21,MTX,202609,40520.0,41280.0,40520.0,41203.0,812.0,2.01,166,0.0,0,after_market
2026-05-21,MTX,202612,41050.0,41820.0,41050.0,41717.0,796.0,1.95,103,0.0,0,after_market
2026-05-21,MTX,202703,41678.0,42337.0,41678.0,42337.0,781.0,1.88,16,0.0,0,after_market
2026-05-21,MTX,202605W4/202606,54.0,60.0,54.0,60.0,0.0,0.0,2,0.0,0,after_market
2026-05-21,MTX,202606/202607,43.0,45.0,5.0,10.0,0.0,0.0,69,0.0,0,after_market
2026-05-21,MTX,202606/202609,236.0,236.0,236.0,236.0,0.0,0.0,1,0.0,0,after_market
2026-05-21,MTX,202606/202612,0.0,0.0,0.0,0.0,0.0,0.0,0,0.0,0,after_market
2026-05-21,MTX,202606/202703,0.0,0.0,0.0,0.0,0.0,0.0,0,0.0,0,after_market
2026-05-21,MTX,202606W1/202606,0.0,0.0,0.0,0.0,0.0,0.0,0,0.0,0,after_market
2026-05-21,MTX,202607/202703,0.0,0.0,0.0,0.0,0.0,0.0,0,0.0,0,after_market
2026-05-21,MTX,202605W4,40988.0,41550.0,40972.0,41430.0,1355.0,3.38,113,41430.0,59,position
2026-05-21,MTX,202606W1,0.0,0.0,0.0,0.0,0.0,0.0,0,41447.0,3,position
2026-05-21,MTX,202606,40935.0,41668.0,40934.0,41487.0,1363.0,3.4,114875,41503.0,30578,position
2026-05-21,MTX,202607,41098.0,41661.0,40947.0,41456.0,1278.0,3.18,2592,41488.0,2514,position
2026-05-21,MTX,202608,41212.0,41810.0,41212.0,41666.0,1368.0,3.39,127,41672.0,109,position
2026-05-21,MTX,202609,41203.0,41900.0,41203.0,41715.0,1324.0,3.28,150,41705.0,2044,position
2026-05-21,MTX,202612,41794.0,42388.0,41794.0,42266.0,1345.0,3.29,77,42218.0,640,position
2026-05-21,MTX,202703,42449.0,42960.0,42449.0,42873.0,1317.0,3.17,27,42848.0,265,position
2026-05-21,MTX,202605W4/202606,99.0,110.0,99.0,106.0,0.0,0.0,11,0.0,0,position
2026-05-21,MTX,202606/202607,8.0,8.0,-4.0,-3.0,0.0,0.0,15,0.0,0,position
2026-05-21,MTX,202606/202608,0.0,0.0,0.0,0.0,0.0,0.0,0,0.0,0,position
2026-05-21,MTX,202606/202609,0.0,0.0,0.0,0.0,0.0,0.0,0,0.0,0,position
2026-05-21,MTX,202606/202612,0.0,0.0,0.0,0.0,0.0,0.0,0,0.0,0,position
2026-05-21,MTX,202606/202703,0.0,0.0,0.0,0.0,0.0,0.0,0,0.0,0,position
2026-05-21,MTX,202607/202608,0.0,0.0,0.0,0.0,0.0,0.0,0,0.0,0,position
2026-05-21,MTX,202607/202609,0.0,0.0,0.0,0.0,0.0,0.0,0,0.0,0,position
2026-05-22,MTX,202605W4,41291.0,41800.0,41186.0,41641.0,211.0,0.51,76,0.0,0,after_market
2026-05-22,MTX,202606W1,0.0,0.0,0.0,0.0,0.0,0.0,0,0.0,0,after_market
2026-05-22,MTX,202606,41355.0,41969.0,41200.0,41794.0,291.0,0.7,178864,0.0,0,after_market
2026-05-22,MTX,202607,41346.0,41972.0,41200.0,41789.0,301.0,0.73,4387,0.0,0,after_market
2026-05-22,MTX,202608,41500.0,42140.0,41400.0,41937.0,265.0,0.64,220,0.0,0,after_market
2026-05-22,MTX,202609,41487.0,42225.0,41487.0,41975.0,270.0,0.65,93,0.0,0,after_market
2026-05-22,MTX,202612,42055.0,42700.0,42042.0,42495.0,277.0,0.66,45,0.0,0,after_market
2026-05-22,MTX,202703,42632.0,43300.0,42626.0,43300.0,452.0,1.05,14,0.0,0,after_market
2026-05-22,MTX,202605W4/202606,105.0,132.0,89.0,89.0,0.0,0.0,11,0.0,0,after_market
2026-05-22,MTX,202606/202607,0.0,12.0,0.0,11.0,0.0,0.0,4,0.0,0,after_market
2026-05-22,MTX,202606/202608,0.0,0.0,0.0,0.0,0.0,0.0,0,0.0,0,after_market
2026-05-22,MTX,202606/202609,0.0,0.0,0.0,0.0,0.0,0.0,0,0.0,0,after_market
2026-05-22,MTX,202606/202612,0.0,0.0,0.0,0.0,0.0,0.0,0,0.0,0,after_market
2026-05-22,MTX,202606/202703,0.0,0.0,0.0,0.0,0.0,0.0,0,0.0,0,after_market
2026-05-22,MTX,202607/202608,0.0,0.0,0.0,0.0,0.0,0.0,0,0.0,0,after_market
2026-05-22,MTX,202607/202703,0.0,0.0,0.0,0.0,0.0,0.0,0,0.0,0,after_market
2026-05-22,MTX,202605W4,42088.0,42360.0,41740.0,42345.0,915.0,2.21,413,42345.0,78,position
2026-05-22,MTX,202606W1,42003.0,42412.0,41749.0,42242.0,795.0,1.92,22,42242.0,7,position
2026-05-22,MTX,202606,42192.0,42499.0,41791.0,42440.0,937.0,2.26,136920,42455.0,30286,position
2026-05-22,MTX,202607,42198.0,42492.0,41800.0,42445.0,957.0,2.31,3938,42460.0,2921,position
2026-05-22,MTX,202608,42394.0,42633.0,41993.0,42633.0,961.0,2.31,115,42595.0,129,position
2026-05-22,MTX,202609,42465.0,42725.0,42118.0,42725.0,1020.0,2.45,178,42685.0,2056,position
2026-05-22,MTX,202612,42924.0,43237.0,42601.0,43232.0,1014.0,2.4,85,43177.0,645,position
2026-05-22,MTX,202703,43500.0,43810.0,43276.0,43770.0,922.0,2.15,25,43812.0,263,position
2026-05-22,MTX,202605W4/202606,109.0,131.0,70.0,131.0,0.0,0.0,312,0.0,0,position
2026-05-22,MTX,202605W4/202606W1,0.0,0.0,0.0,0.0,0.0,0.0,0,0.0,0,position
2026-05-22,MTX,202606/202607,5.0,7.0,-4.0,-4.0,0.0,0.0,13,0.0,0,position
2026-05-22,MTX,202606/202608,0.0,0.0,0.0,0.0,0.0,0.0,0,0.0,0,position
2026-05-22,MTX,202606/202609,0.0,0.0,0.0,0.0,0.0,0.0,0,0.0,0,position
2026-05-22,MTX,202606/202612,0.0,0.0,0.0,0.0,0.0,0.0,0,0.0,0,position
2026-05-22,MTX,202606/202703,0.0,0.0,0.0,0.0,0.0,0.0,0,0.0,0,position
2026-05-22,MTX,202606W1/202606,0.0,0.0,0.0,0.0,0.0,0.0,0,0.0,0,position
2026-05-22,MTX,202607/202612,0.0,0.0,0.0,0.0,0.0,0.0,0,0.0,0,position
2026-05-22,MTX,202607/202703,0.0,0.0,0.0,0.0,0.0,0.0,0,0.0,0,position
2026-05-25,MTX,202605W4,42381.0,42600.0,42269.0,42451.0,106.0,0.25,30,0.0,0,after_market
2026-05-25,MTX,202606W1,42470.0,42621.0,42385.0,42471.0,229.0,0.54,8,0.0,0,after_market
2026-05-25,MTX,202606,42403.0,42816.0,42326.0,42633.0,178.0,0.42,124576,0.0,0,after_market
2026-05-25,MTX,202607,42436.0,42811.0,42336.0,42614.0,154.0,0.36,4159,0.0,0,after_market
2026-05-25,MTX,202608,42588.0,42960.0,42520.0,42755.0,160.0,0.38,72,0.0,0,after_market
2026-05-25,MTX,202609,42640.0,43018.0,42600.0,42825.0,140.0,0.33,76,0.0,0,after_market
2026-05-25,MTX,202612,43158.0,43534.0,43100.0,43301.0,124.0,0.29,57,0.0,0,after_market
2026-05-25,MTX,202703,43812.0,44093.0,43720.0,43985.0,173.0,0.39,24,0.0,0,after_market
2026-05-25,MTX,202605W4/202606,86.0,152.0,86.0,98.0,0.0,0.0,11,0.0,0,after_market
2026-05-25,MTX,202606/202607,2.0,3.0,2.0,2.0,0.0,0.0,16,0.0,0,after_market
2026-05-25,MTX,202606/202608,0.0,0.0,0.0,0.0,0.0,0.0,0,0.0,0,after_market
2026-05-25,MTX,202606/202609,0.0,0.0,0.0,0.0,0.0,0.0,0,0.0,0,after_market
2026-05-25,MTX,202606/202612,0.0,0.0,0.0,0.0,0.0,0.0,0,0.0,0,after_market
2026-05-25,MTX,202606/202703,0.0,0.0,0.0,0.0,0.0,0.0,0,0.0,0,after_market
2026-05-25,MTX,202606W1/202606,0.0,0.0,0.0,0.0,0.0,0.0,0,0.0,0,after_market
2026-05-25,MTX,202607/202703,0.0,0.0,0.0,0.0,0.0,0.0,0,0.0,0,after_market
2026-05-25,MTX,202605W4,43002.0,43713.0,42879.0,43713.0,1368.0,3.23,244,43685.0,153,position
2026-05-25,MTX,202606W1,42921.0,43728.0,42921.0,43728.0,1486.0,3.52,4,43728.0,11,position
2026-05-25,MTX,202606,43183.0,44050.0,43001.0,43880.0,1425.0,3.36,136514,43870.0,32079,position
2026-05-25,MTX,202607,43194.0,44055.0,43012.0,43882.0,1422.0,3.35,4685,43863.0,3331,position
2026-05-25,MTX,202608,43339.0,44200.0,43339.0,43998.0,1403.0,3.29,109,44046.0,147,position
2026-05-25,MTX,202609,43441.0,44300.0,43439.0,44139.0,1454.0,3.41,200,44139.0,2053,position
2026-05-25,MTX,202612,43879.0,44780.0,43879.0,44566.0,1389.0,3.22,170,44629.0,648,position
2026-05-25,MTX,202703,44537.0,45350.0,44458.0,45191.0,1379.0,3.15,51,45249.0,268,position
2026-05-25,MTX,202605W4/202606,164.0,315.0,164.0,170.0,0.0,0.0,71,0.0,0,position
2026-05-25,MTX,202606/202607,4.0,12.0,4.0,12.0,0.0,0.0,52,0.0,0,position
2026-05-25,MTX,202606/202608,173.0,173.0,173.0,173.0,0.0,0.0,1,0.0,0,position
2026-05-25,MTX,202606/202609,254.0,254.0,254.0,254.0,0.0,0.0,5,0.0,0,position
2026-05-25,MTX,202606/202612,0.0,0.0,0.0,0.0,0.0,0.0,0,0.0,0,position
2026-05-25,MTX,202606/202703,0.0,0.0,0.0,0.0,0.0,0.0,0,0.0,0,position
2026-05-25,MTX,202606W1/202606,0.0,0.0,0.0,0.0,0.0,0.0,0,0.0,0,position
2026-05-25,MTX,202607/202609,0.0,0.0,0.0,0.0,0.0,0.0,0,0.0,0,position
2026-05-25,MTX,202607/202703,0.0,0.0,0.0,0.0,0.0,0.0,0,0.0,0,position
2026-05-26,MTX,202605W4,43761.0,44148.0,43651.0,44148.0,463.0,1.06,95,0.0,0,after_market
2026-05-26,MTX,202606W1,43745.0,44235.0,43745.0,44200.0,472.0,1.08,6,0.0,0,after_market
2026-05-26,MTX,202606,43845.0,44393.0,43806.0,44386.0,516.0,1.18,69108,0.0,0,after_market
2026-05-26,MTX,202607,43870.0,44393.0,43810.0,44388.0,525.0,1.2,3550,0.0,0,after_market
2026-05-26,MTX,202608,44113.0,44559.0,44000.0,44555.0,509.0,1.16,99,0.0,0,after_market
2026-05-26,MTX,202609,44141.0,44621.0,44099.0,44621.0,482.0,1.09,90,0.0,0,after_market
2026-05-26,MTX,202612,44670.0,45125.0,44600.0,45124.0,495.0,1.11,38,0.0,0,after_market
2026-05-26,MTX,202703,45200.0,45782.0,45200.0,45700.0,451.0,1.0,24,0.0,0,after_market
2026-05-26,MTX,202605W4/202606,211.0,275.0,175.0,208.0,0.0,0.0,29,0.0,0,after_market
2026-05-26,MTX,202606/202607,7.0,7.0,0.0,1.0,0.0,0.0,37,0.0,0,after_market
2026-05-26,MTX,202606/202608,0.0,0.0,0.0,0.0,0.0,0.0,0,0.0,0,after_market
2026-05-26,MTX,202606/202609,0.0,0.0,0.0,0.0,0.0,0.0,0,0.0,0,after_market
2026-05-26,MTX,202606/202612,0.0,0.0,0.0,0.0,0.0,0.0,0,0.0,0,after_market
2026-05-26,MTX,202606/202703,0.0,0.0,0.0,0.0,0.0,0.0,0,0.0,0,after_market
2026-05-26,MTX,202606W1/202606,0.0,0.0,0.0,0.0,0.0,0.0,0,0.0,0,after_market
2026-05-26,MTX,202607/202608,0.0,0.0,0.0,0.0,0.0,0.0,0,0.0,0,after_market
2026-05-26,MTX,202607/202703,0.0,0.0,0.0,0.0,0.0,0.0,0,0.0,0,after_market
2026-06-08,MTX,202606W2,45020.0,45107.0,41013.0,42160.0,-2890.0,-6.42,505,0.0,0,after_market
2026-06-08,MTX,202606,45104.0,45314.0,40761.0,42182.0,-3044.0,-6.73,302729,0.0,0,after_market
2026-06-08,MTX,202607,45202.0,45400.0,40851.0,42233.0,-3084.0,-6.81,12413,0.0,0,after_market
2026-06-08,MTX,202608,45400.0,45671.0,41164.0,42638.0,-2940.0,-6.45,613,0.0,0,after_market
2026-06-08,MTX,202609,45613.0,45770.0,41390.0,42400.0,-3363.0,-7.35,302,0.0,0,after_market
2026-06-08,MTX,202612,46309.0,46549.0,42300.0,43300.0,-3159.0,-6.8,211,0.0,0,after_market
2026-06-08,MTX,202703,47350.0,47350.0,43980.0,43980.0,-3354.0,-7.09,117,0.0,0,after_market
2026-06-08,MTX,202606/202607,88.0,136.0,88.0,91.0,0.0,0.0,66,0.0,0,after_market
2026-06-08,MTX,202606/202608,410.0,410.0,405.0,405.0,0.0,0.0,31,0.0,0,after_market
2026-06-08,MTX,202606/202609,584.0,600.0,583.0,598.0,0.0,0.0,20,0.0,0,after_market
2026-06-08,MTX,202606/202612,1305.0,1305.0,1305.0,1305.0,0.0,0.0,10,0.0,0,after_market
2026-06-08,MTX,202606/202703,0.0,0.0,0.0,0.0,0.0,0.0,0,0.0,0,after_market
2026-06-08,MTX,202606W2/202606,145.0,145.0,-51.0,-31.0,0.0,0.0,20,0.0,0,after_market
2026-06-08,MTX,202607/202608,0.0,0.0,0.0,0.0,0.0,0.0,0,0.0,0,after_market
2026-06-08,MTX,202607/202612,0.0,0.0,0.0,0.0,0.0,0.0,0,0.0,0,after_market
2026-06-08,MTX,202607/202703,0.0,0.0,0.0,0.0,0.0,0.0,0,0.0,0,after_market
2026-06-08,MTX,202608/202703,0.0,0.0,0.0,0.0,0.0,0.0,0,0.0,0,after_market
2026-06-08,MTX,202609/202703,0.0,0.0,0.0,0.0,0.0,0.0,0,0.0,0,after_market
2026-06-08,MTX,202606W2,42318.0,43545.0,42227.0,43192.0,-1858.0,-4.12,397,43186.0,232,position
2026-06-08,MTX,202606,42318.0,43654.0,42200.0,43060.0,-2166.0,-4.79,218039,43083.0,28683,position
2026-06-08,MTX,202607,41800.0,43680.0,41800.0,43104.0,-2213.0,-4.88,9668,43150.0,7056,position
2026-06-08,MTX,202608,41800.0,43822.0,41800.0,43280.0,-2298.0,-5.04,396,43293.0,629,position
2026-06-08,MTX,202609,42400.0,44060.0,42400.0,43492.0,-2271.0,-4.96,232,43504.0,2180,position
2026-06-08,MTX,202612,42400.0,44759.0,42400.0,44164.0,-2295.0,-4.94,169,44161.0,762,position
2026-06-08,MTX,202703,44000.0,45450.0,43981.0,45178.0,-2156.0,-4.55,29,45003.0,325,position
2026-06-08,MTX,202606/202607,61.0,61.0,7.0,29.0,0.0,0.0,61,0.0,0,position
2026-06-08,MTX,202606/202608,0.0,0.0,0.0,0.0,0.0,0.0,0,0.0,0,position
2026-06-08,MTX,202606/202609,459.0,459.0,459.0,459.0,0.0,0.0,1,0.0,0,position
2026-06-08,MTX,202606/202612,0.0,0.0,0.0,0.0,0.0,0.0,0,0.0,0,position
2026-06-08,MTX,202606W2/202606,20.0,136.0,-70.0,-70.0,0.0,0.0,119,0.0,0,position
2026-06-08,MTX,202607/202608,0.0,0.0,0.0,0.0,0.0,0.0,0,0.0,0,position
2026-06-08,MTX,202607/202612,0.0,0.0,0.0,0.0,0.0,0.0,0,0.0,0,position
2026-06-08,MTX,202607/202703,0.0,0.0,0.0,0.0,0.0,0.0,0,0.0,0,position
2026-06-08,MTX,202609/202703,0.0,0.0,0.0,0.0,0.0,0.0,0,0.0,0,position
2026-06-09,MTX,202606W2,43294.0,44250.0,43294.0,43963.0,777.0,1.8,135,0.0,0,after_market
2026-06-09,MTX,202606,43255.0,44284.0,43216.0,43999.0,916.0,2.13,195911,0.0,0,after_market
2026-06-09,MTX,202607,43299.0,44312.0,43256.0,44042.0,892.0,2.07,7942,0.0,0,after_market
2026-06-09,MTX,202608,43477.0,44450.0,43477.0,44198.0,905.0,2.09,199,0.0,0,after_market
2026-06-09,MTX,202609,43715.0,44666.0,43715.0,44349.0,845.0,1.94,131,0.0,0,after_market
2026-06-09,MTX,202612,44500.0,45250.0,44500.0,45000.0,839.0,1.9,60,0.0,0,after_market
2026-06-09,MTX,202703,44648.0,46055.0,44648.0,46055.0,1052.0,2.34,6,0.0,0,after_market
2026-06-09,MTX,202606/202607,34.0,49.0,33.0,49.0,0.0,0.0,8,0.0,0,after_market
2026-06-09,MTX,202606/202608,0.0,0.0,0.0,0.0,0.0,0.0,0,0.0,0,after_market
2026-06-09,MTX,202606/202609,410.0,410.0,410.0,410.0,0.0,0.0,3,0.0,0,after_market
2026-06-09,MTX,202606/202612,1036.0,1036.0,1036.0,1036.0,0.0,0.0,4,0.0,0,after_market
2026-06-09,MTX,202606W2/202606,-10.0,43.0,-29.0,43.0,0.0,0.0,24,0.0,0,after_market
2026-06-09,MTX,202607/202608,0.0,0.0,0.0,0.0,0.0,0.0,0,0.0,0,after_market
2026-06-09,MTX,202607/202612,0.0,0.0,0.0,0.0,0.0,0.0,0,0.0,0,after_market
2026-06-09,MTX,202607/202703,0.0,0.0,0.0,0.0,0.0,0.0,0,0.0,0,after_market
2026-06-09,MTX,202608/202703,0.0,0.0,0.0,0.0,0.0,0.0,0,0.0,0,after_market
2026-06-09,MTX,202606W2,43679.0,44772.0,43672.0,44772.0,1586.0,3.67,223,44692.0,207,position
2026-06-09,MTX,202606,43665.0,44750.0,43548.0,44672.0,1589.0,3.69,151632,44677.0,28449,position
2026-06-09,MTX,202607,43687.0,44810.0,43595.0,44720.0,1570.0,3.64,6594,44745.0,7281,position
2026-06-09,MTX,202608,43861.0,44962.0,43820.0,44962.0,1669.0,3.86,163,44885.0,615,position
2026-06-09,MTX,202609,44064.0,45174.0,44000.0,45136.0,1632.0,3.75,167,45087.0,2193,position
2026-06-09,MTX,202612,44800.0,45786.0,44700.0,45786.0,1625.0,3.68,57,45709.0,762,position
2026-06-09,MTX,202703,46000.0,46450.0,46000.0,46450.0,1447.0,3.22,13,46462.0,326,position
2026-06-09,MTX,202606/202607,61.0,63.0,45.0,60.0,0.0,0.0,18,0.0,0,position
2026-06-09,MTX,202606/202608,210.0,219.0,210.0,219.0,0.0,0.0,8,0.0,0,position
2026-06-09,MTX,202606/202609,405.0,416.0,405.0,416.0,0.0,0.0,18,0.0,0,position
2026-06-09,MTX,202606/202612,0.0,0.0,0.0,0.0,0.0,0.0,0,0.0,0,position
2026-06-09,MTX,202606/202703,0.0,0.0,0.0,0.0,0.0,0.0,0,0.0,0,position
2026-06-09,MTX,202606W2/202606,-19.0,-7.0,-49.0,-31.0,0.0,0.0,42,0.0,0,position
2026-06-10,MTX,202606W2,44875.0,45080.0,42758.0,43978.0,-714.0,-1.6,1587,0.0,0,after_market
2026-06-10,MTX,202606,44700.0,45062.0,42366.0,43898.0,-779.0,-1.74,358607,0.0,0,after_market
2026-06-10,MTX,202607,44754.0,45117.0,42450.0,43958.0,-787.0,-1.76,17927,0.0,0,after_market
2026-06-10,MTX,202608,44890.0,45270.0,42804.0,44044.0,-841.0,-1.87,388,0.0,0,after_market
2026-06-10,MTX,202609,45097.0,45465.0,42903.0,44245.0,-842.0,-1.87,202,0.0,0,after_market
2026-06-10,MTX,202612,45787.0,46127.0,43499.0,44757.0,-952.0,-2.08,214,0.0,0,after_market
2026-06-10,MTX,202703,46556.0,46800.0,44444.0,45555.0,-907.0,-1.95,130,0.0,0,after_market
2026-06-10,MTX,202606/202607,66.0,87.0,50.0,61.0,0.0,0.0,230,0.0,0,after_market
2026-06-10,MTX,202606/202608,0.0,0.0,0.0,0.0,0.0,0.0,0,0.0,0,after_market
2026-06-10,MTX,202606/202609,0.0,0.0,0.0,0.0,0.0,0.0,0,0.0,0,after_market
2026-06-10,MTX,202606/202612,1064.0,1110.0,1064.0,1110.0,0.0,0.0,5,0.0,0,after_market
2026-06-10,MTX,202606/202703,0.0,0.0,0.0,0.0,0.0,0.0,0,0.0,0,after_market
2026-06-10,MTX,202606W2/202606,-51.0,-51.0,-369.0,-128.0,0.0,0.0,1057,0.0,0,after_market
2026-06-10,MTX,202607/202609,0.0,0.0,0.0,0.0,0.0,0.0,0,0.0,0,after_market
2026-06-10,MTX,202607/202612,0.0,0.0,0.0,0.0,0.0,0.0,0,0.0,0,after_market
2026-06-10,MTX,202607/202703,0.0,0.0,0.0,0.0,0.0,0.0,0,0.0,0,after_market
2026-06-10,MTX,202608/202703,0.0,0.0,0.0,0.0,0.0,0.0,0,0.0,0,after_market
2026-06-10,MTX,202606W2,43924.0,44521.0,43384.0,43388.0,-1304.0,-2.92,150,0.0,269,position
2026-06-10,MTX,202606,43838.0,44482.0,43123.0,43429.0,-1248.0,-2.79,187887,43367.0,26615,position
2026-06-10,MTX,202606W4,0.0,0.0,0.0,0.0,0.0,0.0,0,43452.0,0,position
2026-06-10,MTX,202607,43932.0,44509.0,43171.0,43465.0,-1280.0,-2.86,8468,43410.0,7860,position
2026-06-10,MTX,202608,44045.0,44680.0,43355.0,43610.0,-1275.0,-2.84,309,43666.0,687,position
2026-06-10,MTX,202609,44230.0,44884.0,43555.0,43798.0,-1289.0,-2.86,202,43843.0,2320,position
2026-06-10,MTX,202612,44925.0,45523.0,44215.0,44416.0,-1293.0,-2.83,61,44462.0,708,position
2026-06-10,MTX,202703,45776.0,46200.0,45350.0,45377.0,-1085.0,-2.34,18,45252.0,357,position
2026-06-10,MTX,202606/202607,31.0,60.0,18.0,29.0,0.0,0.0,35,0.0,0,position
2026-06-10,MTX,202606/202608,0.0,0.0,0.0,0.0,0.0,0.0,0,0.0,0,position
2026-06-10,MTX,202606/202609,421.0,421.0,406.0,414.0,0.0,0.0,70,0.0,0,position
2026-06-10,MTX,202606/202612,1057.0,1060.0,1057.0,1060.0,0.0,0.0,8,0.0,0,position
2026-06-10,MTX,202606/202703,0.0,0.0,0.0,0.0,0.0,0.0,0,0.0,0,position
2026-06-10,MTX,202606W2/202606,-133.0,-22.0,-181.0,-22.0,0.0,0.0,22,0.0,0,position
2026-06-10,MTX,202607/202608,0.0,0.0,0.0,0.0,0.0,0.0,0,0.0,0,position
2026-06-10,MTX,202607/202703,0.0,0.0,0.0,0.0,0.0,0.0,0,0.0,0,position
2026-06-11,MTX,202606,43503.0,43972.0,42455.0,42605.0,-762.0,-1.76,352532,0.0,0,after_market
2026-06-11,MTX,202606W4,43050.0,43550.0,42649.0,43550.0,98.0,0.23,11,0.0,0,after_market
2026-06-11,MTX,202607,43540.0,43987.0,42490.0,42636.0,-774.0,-1.78,14196,0.0,0,after_market
2026-06-11,MTX,202608,43796.0,44130.0,42677.0,42779.0,-887.0,-2.03,452,0.0,0,after_market
2026-06-11,MTX,202609,43890.0,44288.0,42896.0,42957.0,-886.0,-2.02,216,0.0,0,after_market
2026-06-11,MTX,202612,44701.0,44890.0,43503.0,43546.0,-916.0,-2.06,137,0.0,0,after_market
2026-06-11,MTX,202703,45377.0,45377.0,44260.0,44286.0,-966.0,-2.13,22,0.0,0,after_market
2026-06-11,MTX,202606/202606W4,0.0,0.0,0.0,0.0,0.0,0.0,0,0.0,0,after_market
2026-06-11,MTX,202606/202607,22.0,26.0,16.0,26.0,0.0,0.0,11,0.0,0,after_market
2026-06-11,MTX,202606/202608,0.0,0.0,0.0,0.0,0.0,0.0,0,0.0,0,after_market
2026-06-11,MTX,202606/202609,389.0,389.0,389.0,389.0,0.0,0.0,2,0.0,0,after_market
2026-06-11,MTX,202606/202612,1002.0,1002.0,1002.0,1002.0,0.0,0.0,2,0.0,0,after_market
2026-06-11,MTX,202606/202703,0.0,0.0,0.0,0.0,0.0,0.0,0,0.0,0,after_market
2026-06-11,MTX,202607/202608,0.0,0.0,0.0,0.0,0.0,0.0,0,0.0,0,after_market
2026-06-11,MTX,202607/202612,0.0,0.0,0.0,0.0,0.0,0.0,0,0.0,0,after_market
2026-06-11,MTX,202607/202703,0.0,0.0,0.0,0.0,0.0,0.0,0,0.0,0,after_market
2026-06-11,MTX,202609/202703,0.0,0.0,0.0,0.0,0.0,0.0,0,0.0,0,after_market
2026-06-11,MTX,202606,42610.0,43513.0,42139.0,43241.0,-126.0,-0.29,230162,43219.0,25495,position
2026-06-11,MTX,202606W4,43132.0,43195.0,42388.0,42483.0,-969.0,-2.23,8,43268.0,1,position
2026-06-11,MTX,202607,42627.0,43535.0,42162.0,43298.0,-112.0,-0.26,10387,43290.0,8439,position
2026-06-11,MTX,202608,42874.0,43680.0,42350.0,43415.0,-251.0,-0.57,341,43420.0,787,position
2026-06-11,MTX,202609,43177.0,43843.0,42520.0,43600.0,-243.0,-0.55,143,43589.0,2336,position
2026-06-11,MTX,202612,43784.0,44462.0,43200.0,44129.0,-333.0,-0.75,82,44213.0,763,position
2026-06-11,MTX,202703,44950.0,45250.0,44050.0,45066.0,-186.0,-0.41,14,45104.0,357,position
2026-06-11,MTX,202606/202606W4,0.0,0.0,0.0,0.0,0.0,0.0,0,0.0,0,position
2026-06-11,MTX,202606/202607,33.0,77.0,13.0,68.0,0.0,0.0,246,0.0,0,position
2026-06-11,MTX,202606/202608,184.0,195.0,174.0,195.0,0.0,0.0,51,0.0,0,position
2026-06-11,MTX,202606/202609,349.0,354.0,349.0,354.0,0.0,0.0,4,0.0,0,position
2026-06-11,MTX,202606/202612,965.0,965.0,965.0,965.0,0.0,0.0,2,0.0,0,position
2026-06-11,MTX,202606/202703,0.0,0.0,0.0,0.0,0.0,0.0,0,0.0,0,position
2026-06-11,MTX,202607/202612,0.0,0.0,0.0,0.0,0.0,0.0,0,0.0,0,position
2026-06-11,MTX,202607/202703,0.0,0.0,0.0,0.0,0.0,0.0,0,0.0,0,position
2026-06-11,MTX,202608/202609,100.0,100.0,100.0,100.0,0.0,0.0,1,0.0,0,position
