stock_id,price,pe,eps_ttm,gross_margin,market_cap,updated
1101,24.1,nan,-1.6,18.831,180585693184,2026-05-26
1102,33.45,11.187291,2.99,15.583,118632538112,2026-05-26
1210,52.4,12.129629,4.32,14.684,43843465216,2026-05-26
1215,143.0,13.789779,10.37,20.330000000000002,42154971136,2026-05-26
1216,71.3,20.726746,3.44,33.240002000000004,405127692288,2026-05-26
1217,9.54,22.714287,0.42,27.565,4717658112,2026-05-26
1218,18.5,14.23077,1.3,17.671,8996920320,2026-05-26
1219,12.5,27.777779,0.45,8.3909996,4265479680,2026-05-26
1225,29.9,18.456789,1.62,9.328,7243820544,2026-05-26
1227,28.2,21.203007,1.33,24.111,25617442816,2026-05-26
1229,39.6,15.40856,2.57,25.085,70833389568,2026-05-26
1232,148.5,18.021845,8.24,13.661999999999999,23756288000,2026-05-26
1233,28.55,38.066666,0.75,60.056,2585173760,2026-05-26
1234,34.15,17.075,2.0,29.097,13723895808,2026-05-26
1236,24.65,nan,-0.43,25.346999999999998,2136514304,2026-05-26
1256,192.5,17.264574,11.15,29.009,6886148608,2026-05-26
1301,44.4,nan,-1.58,2.7609998,282638909440,2026-05-26
1303,91.5,160.52632,0.57,9.5649995,725670232064,2026-05-26
1304,12.1,nan,-2.6,2.8499998,12974794752,2026-05-26
1305,12.1,nan,-1.58,-3.795,7030705152,2026-05-26
1307,30.95,10.897888,2.84,31.642,12312466432,2026-05-26
1308,13.15,nan,-1.76,4.018,7807719936,2026-05-26
1309,15.25,nan,-1.07,2.386,6063201792,2026-05-26
1310,7.85,nan,-1.37,-2.094,4143777792,2026-05-26
1312,10.15,nan,-3.97,-6.9180004,11417168896,2026-05-26
1313,10.5,nan,-1.17,2.8080001,13973883904,2026-05-26
1314,6.99,nan,-0.72,-12.479,26456100864,2026-05-26
1319,80.4,12.503888,6.43,31.923000000000002,47554752512,2026-05-26
1321,28.8,nan,-1.25,7.2139999999999995,6355736576,2026-05-26
1326,44.5,nan,-0.99,4.358,260281221120,2026-05-26
1402,26.35,17.0,1.55,20.030001,141027721216,2026-05-26
1466,14.25,nan,-1.07,6.45,1583991808,2026-05-26
1477,214.0,14.667581,14.59,24.343,52792455168,2026-05-26
1504,73.2,30.247932,2.42,23.649,171681890304,2026-05-26
1513,168.0,20.843672,8.06,25.877001999999997,83004432384,2026-05-26
1514,127.0,39.318886,3.23,18.739,34400428032,2026-05-26
1515,23.0,23.71134,0.97,12.946999,4173878784,2026-05-26
1516,21.0,525.0,0.04,6.079,840172096,2026-05-26
1519,851.0,61.047348,13.94,41.903,268814729216,2026-05-26
1521,24.8,28.505747,0.87,15.433,1890503936,2026-05-26
1522,29.1,16.918604,1.72,18.742001,9077978112,2026-05-26
1524,29.15,14.948717,1.95,25.95,4818798080,2026-05-26
1525,71.2,22.180685,3.21,15.889000000000001,5226086400,2026-05-26
1526,14.55,nan,-0.11,16.997999,873000000,2026-05-26
1527,32.75,21.546053,1.52,19.143,4538186752,2026-05-26
1528,26.05,nan,-0.35,31.096,4984172544,2026-05-26
1529,21.7,21.48515,1.01,18.621,3365561856,2026-05-26
1530,31.95,53.25,0.6,13.972999,3022283776,2026-05-26
1531,12.3,nan,-0.12,18.958999000000002,2239929344,2026-05-26
1532,20.9,21.32653,0.98,24.245001,8699901952,2026-05-26
1533,38.7,66.724144,0.58,29.229,3813768960,2026-05-26
1535,49.2,12.330827,3.99,9.71,6088155648,2026-05-26
1536,50.6,nan,-2.71,2.779,14115351552,2026-05-26
1537,125.5,15.825977,7.93,20.357001,10298880000,2026-05-26
1560,736.0,81.14664,9.07,32.481,109608796160,2026-05-26
1580,121.5,9.72,12.5,42.369997999999995,5994717696,2026-05-26
1582,110.0,32.06997,3.43,23.542999000000002,15869589504,2026-05-26
1583,49.25,nan,-4.83,17.715,5387968000,2026-05-26
1584,19.8,45.0,0.44,11.881,4454060032,2026-05-26
1586,21.9,nan,-0.35,12.2700006,2218370560,2026-05-26
1589,5.54,nan,-4.98,6.546,848373056,2026-05-26
1590,1445.0,34.478645,41.91,46.932,288999997440,2026-05-26
1591,45.7,nan,-2.75,-13.727,1738795776,2026-05-26
1603,31.25,9.58589,3.26,11.3479994,4963937280,2026-05-26
1605,37.25,49.666668,0.75,6.21,165067145216,2026-05-26
1608,33.65,6.140511,5.48,10.3240006,14274656256,2026-05-26
1609,36.1,22.42236,1.61,15.154,28264296448,2026-05-26
1612,36.9,13.418182,2.75,15.340000000000002,11663352832,2026-05-26
1710,12.9,nan,-1.01,0.38899999999999996,11313647616,2026-05-26
1711,50.0,nan,-0.21,18.801000000000002,27387609088,2026-05-26
1712,39.2,15.076924,2.6,30.317,16483287040,2026-05-26
1713,48.8,12.675324,3.85,6.7669999999999995,7366457344,2026-05-26
1717,82.3,58.368797,1.41,21.006,96475807744,2026-05-26
1718,6.37,70.77777,0.09,76.924,8493954048,2026-05-26
1722,46.05,48.473682,0.95,12.897,45128998912,2026-05-26
1723,83.5,31.509434,2.65,19.352,19384524800,2026-05-26
1725,30.85,20.163399,1.53,4.7080003,5609455616,2026-05-26
1726,77.1,14.043716,5.49,27.381,12490200064,2026-05-26
1733,29.9,18.456789,1.62,28.95,2988510720,2026-05-26
1760,60.8,27.51131,2.21,53.503,5212931072,2026-05-26
1762,39.25,nan,-4.39,8.343001,3019031552,2026-05-26
1777,71.5,12.222222,5.85,35.327998,3188327936,2026-05-26
1784,67.1,65.78432,1.02,55.198,3520682752,2026-05-26
1786,54.6,25.04587,2.18,72.265,4085588992,2026-05-26
1788,135.0,16.324062,8.27,26.727,6010335232,2026-05-26
1789,19.0,111.7647,0.17,34.748000000000005,15024040960,2026-05-26
2002,20.05,nan,-0.29,2.2650002,306364121088,2026-05-26
2006,65.7,10.201862,6.44,15.129999999999999,47975047168,2026-05-26
2007,7.62,nan,-2.24,-13.442999,4043568128,2026-05-26
2008,27.8,40.88235,0.68,16.994,5305693696,2026-05-26
2009,39.5,116.17647,0.34,2.185,14205075456,2026-05-26
2010,22.65,9.762931,2.32,10.6759995,14669393920,2026-05-26
2012,14.8,82.22222,0.18,13.767,4125248256,2026-05-26
2013,42.5,13.364779,3.18,4.6719998,8499999744,2026-05-26
2014,18.5,nan,-1.29,-8.153,26557564928,2026-05-26
2015,62.0,16.103897,3.85,12.027001,36059164672,2026-05-26
2049,404.5,93.85151,4.31,28.76,143108964352,2026-05-26
2059,4980.0,49.502983,100.6,76.531,474579075072,2026-05-26
2061,31.45,nan,-0.97,7.3649995,1804539776,2026-05-26
2062,18.45,47.307697,0.39,9.377,3689892096,2026-05-26
2063,25.15,16.33117,1.54,17.219,1209701248,2026-05-26
2064,13.15,nan,-1.3,4.0840000000000005,915634496,2026-05-26
2065,35.5,31.981981,1.11,14.597999999999999,2254843136,2026-05-26
2103,19.35,35.833332,0.54,9.804,15977488384,2026-05-26
2201,27.0,29.032257,0.93,32.75,28686825472,2026-05-26
2204,53.0,9.689215,5.47,15.359998999999998,29341857792,2026-05-26
2207,461.0,13.602833,33.89,21.393,256824377344,2026-05-26
2208,18.3,nan,-1.77,-4.8010003,23324069888,2026-05-26
2301,238.5,36.136364,6.6,22.660999,541340631040,2026-05-26
2303,130.0,32.994923,3.94,29.609,1631036375040,2026-05-26
2308,2330.0,100.73498,23.13,35.498002,6052276338688,2026-05-26
2317,260.0,19.417475,13.39,6.162,3640499109888,2026-05-26
2324,33.15,24.19708,1.37,5.647,142405091328,2026-05-26
2327,670.0,58.41325,11.47,36.848998,1379349430272,2026-05-26
2329,56.3,29.170984,1.93,14.889,37098790912,2026-05-26
2330,2290.0,31.076128,73.69,61.873,59385128681472,2026-05-26
2332,15.5,nan,-0.9,24.886999000000003,9250530304,2026-05-26
2337,157.5,nan,-1.77,25.039,303837347840,2026-05-26
2340,39.35,nan,-2.88,-3.1809999999999996,17230104576,2026-05-26
2344,139.5,160.34483,0.87,43.179,627750010880,2026-05-26
2345,2580.0,55.19897,46.74,18.129,1441982709760,2026-05-26
2348,67.5,9.868421,6.84,31.665,10242102272,2026-05-26
2351,216.0,132.51534,1.63,14.564,39342239744,2026-05-26
2353,31.6,25.28,1.25,11.021,94996176896,2026-05-26
2354,60.3,26.103897,2.31,3.816,85293457408,2026-05-26
2356,62.5,25.933609,2.41,5.1030003,224217186304,2026-05-26
2357,699.0,11.749873,59.49,14.756,519189430272,2026-05-26
2363,66.9,43.72549,1.53,28.529,34452709376,2026-05-26
2364,68.2,16.354916,4.17,40.183,3572978176,2026-05-26
2365,38.35,119.84375,0.32,41.064999,8495617536,2026-05-26
2368,1440.0,75.98944,18.95,33.647,727744315392,2026-05-26
2379,587.0,20.93438,28.04,49.477002,301050593280,2026-05-26
2382,320.5,16.957672,18.9,6.0700003,1235373129728,2026-05-26
2383,5270.0,129.35689,40.74,29.587999999999997,1888351682560,2026-05-26
2388,80.0,666.6667,0.12,21.514,44474875904,2026-05-26
2393,64.4,14.216335,4.53,31.083,28554516480,2026-05-26
2397,63.2,25.483871,2.48,25.066,7235695616,2026-05-26
2399,49.3,328.66666,0.15,8.6890005,8780329984,2026-05-26
2406,34.35,nan,-0.92,9.8570004,12053619712,2026-05-26
2408,304.5,145.0,2.1,45.523,943532146688,2026-05-26
2409,22.0,24.444445,0.9,11.411,166036176896,2026-05-26
2412,137.5,27.390438,5.02,36.668998,1066648928256,2026-05-26
2421,162.0,20.558374,7.88,31.6,46338478080,2026-05-26
2429,44.25,nan,-1.4,2.5109999000000003,3783375104,2026-05-26
2436,80.8,28.960575,2.79,30.418,15939424256,2026-05-26
2439,91.3,18.187252,5.02,11.981,22717898752,2026-05-26
2441,129.0,30.210773,4.27,20.990999,73381134336,2026-05-26
2449,317.0,48.76923,6.5,37.351,387610148864,2026-05-26
2454,4330.0,65.3881,66.22,47.03,6911157075968,2026-05-26
2455,420.5,141.58249,2.97,35.773998,77752942592,2026-05-26
2460,32.0,nan,-3.0,2.938,5414400000,2026-05-26
2461,16.25,nan,-0.61,20.697,3264845568,2026-05-26
2462,20.6,76.296295,0.27,12.0620005,3106160384,2026-05-26
2471,50.5,14.106146,3.58,43.405,2386327040,2026-05-26
2474,190.0,16.81416,11.3,30.232999999999997,102375997440,2026-05-26
2498,45.1,6.307692,7.15,36.791000000000004,37709193216,2026-05-26
2501,21.75,7.6855125,2.83,27.759,25220450304,2026-05-26
2504,34.9,10.6079035,3.29,27.422002,41073250304,2026-05-26
2505,17.7,7.5000005,2.36,27.046,6726000128,2026-05-26
2506,8.58,429.0,0.02,41.676998,3102150400,2026-05-26
2509,12.3,nan,-0.8,31.695997999999996,2761971200,2026-05-26
2511,7.65,23.181818,0.33,27.284000000000002,12413432832,2026-05-26
2514,12.85,6.945946,1.85,13.383001,4601845760,2026-05-26
2515,12.9,33.076923,0.39,8.34,20741947392,2026-05-26
2516,11.9,9.674796,1.23,4.227,2692713984,2026-05-26
2520,30.1,11.532568,2.61,22.16,17747623936,2026-05-26
2524,32.85,19.210526,1.71,49.109,12022558720,2026-05-26
2528,22.1,6.350575,3.48,18.244,9635511296,2026-05-26
2534,17.55,8.519418,2.06,44.994998,8301167104,2026-05-26
2535,75.6,11.666666,6.48,11.231,19647815680,2026-05-26
2536,19.55,6.1477985,3.18,21.079001,6506409984,2026-05-26
2537,9.56,63.733334,0.15,21.544,2873333504,2026-05-26
2538,9.36,27.529411,0.34,92.990994,4165438464,2026-05-26
2540,53.6,77.68116,0.69,20.613001,50645245952,2026-05-26
2542,42.75,20.357143,2.1,29.912,90285342720,2026-05-26
2543,41.05,15.317163,2.68,18.701,21696647168,2026-05-26
2545,36.5,19.010418,1.92,31.757997999999997,13860327424,2026-05-26
2546,86.2,9.131356,9.44,8.4750004,11251184640,2026-05-26
2547,9.92,3.4929578,2.84,49.773,10268139520,2026-05-26
2548,120.0,13.667426,8.78,27.773999999999997,38342123520,2026-05-26
2597,157.5,14.664804,10.74,17.774999,48937771008,2026-05-26
2712,15.1,nan,-0.38,19.16,1585500032,2026-05-26
2718,45.2,2.6793122,16.87,66.406995,3941304576,2026-05-26
2719,26.0,nan,-0.15,7.846,1798732032,2026-05-26
2723,61.0,nan,-2.47,59.446,10979999744,2026-05-26
2726,9.93,nan,-3.55,62.025,374256320,2026-05-26
2801,20.25,13.5,1.5,0.0,238262452224,2026-05-26
2812,18.8,12.287581,1.53,0.0,113206558720,2026-05-26
2816,31.65,6.8211207,4.64,34.125,7077193216,2026-05-26
2820,16.7,12.462687,1.34,1.0,22427432960,2026-05-26
2834,16.0,12.8,1.25,0.0,155488993280,2026-05-26
2838,20.1,15.581396,1.29,0.0,87245103104,2026-05-26
2849,13.3,16.835443,0.79,0.0,26036205568,2026-05-26
2850,137.0,11.156352,12.28,53.46300000000001,43286970368,2026-05-26
2851,35.0,9.562841,3.66,20.973,28013604864,2026-05-26
2852,26.8,9.1780815,2.92,37.553,8071190016,2026-05-26
2855,41.6,13.913043,2.99,92.89700400000001,66618863616,2026-05-26
2867,7.56,37.8,0.2,43.877,44600225792,2026-05-26
2880,31.05,16.342106,1.9,0.0,432121741312,2026-05-26
2881,101.0,12.066906,8.37,45.593,1380237967360,2026-05-26
2882,81.6,11.558074,7.06,18.451999,1197007437824,2026-05-26
2883,21.7,12.471265,1.74,48.408002,368354197504,2026-05-26
2884,31.25,14.740567,2.12,0.0,505437519872,2026-05-26
2885,56.7,20.69343,2.74,1.0,755876233216,2026-05-26
2886,39.8,16.864407,2.36,0.0,590368473088,2026-05-26
2887,23.9,12.513089,1.91,0.0,594304040960,2026-05-26
2889,14.6,23.174604,0.63,99.248004,53050028032,2026-05-26
2890,29.6,15.025381,1.97,0.0,428972736512,2026-05-26
2891,58.4,14.384237,4.06,68.82000000000001,1149184507904,2026-05-26
2892,27.65,14.786096,1.87,0.0,397592297472,2026-05-26
2903,22.05,14.134615,1.56,57.96,31062583296,2026-05-26
2905,13.5,19.014086,0.71,40.001,14219262976,2026-05-26
2908,21.15,91.95652,0.23,26.329002000000003,10784131072,2026-05-26
2910,21.15,17.195122,1.23,88.15899499999999,3709773568,2026-05-26
2911,10.1,4.6976743,2.15,36.370999999999995,1061772672,2026-05-26
2912,212.5,19.767443,10.75,34.52,220919726080,2026-05-26
2915,43.4,4.6767244,9.28,45.958,46339293184,2026-05-26
2923,23.2,nan,-3.62,52.625,40374890496,2026-05-26
3008,3670.0,23.337149,157.26,49.187999999999995,480029409280,2026-05-26
3013,120.0,29.925186,4.01,19.712,24616681472,2026-05-26
3014,148.5,16.019417,9.27,55.157000000000004,24649086976,2026-05-26
3016,128.5,1835.7142,0.07,7.8759999999999994,37077647360,2026-05-26
3017,2645.0,54.932503,48.15,26.976,1038276231168,2026-05-26
3023,313.5,24.115385,13.0,23.988001,75261632512,2026-05-26
3028,82.7,26.337578,3.14,7.788,19619829760,2026-05-26
3030,408.5,38.94185,10.49,59.034,96494239744,2026-05-26
3031,31.9,29.537035,1.08,29.115999999999996,5525182976,2026-05-26
3032,90.5,nan,-7.93,22.045,10252349440,2026-05-26
3033,50.1,31.118011,1.61,4.558,24184520704,2026-05-26
3034,489.0,18.21229,26.85,37.403999999999996,297562112000,2026-05-26
3035,210.0,75.0,2.8,34.799,54715568128,2026-05-26
3036,295.5,28.661493,10.31,3.744,376132304896,2026-05-26
3037,1050.0,240.82568,4.36,15.145999,1653245214720,2026-05-26
3038,23.35,21.227272,1.1,22.781000000000002,3363404288,2026-05-26
3040,40.2,125.62501,0.32,59.201,2531675392,2026-05-26
3041,25.9,nan,-3.43,31.087999999999997,3631792384,2026-05-26
3042,204.5,39.176247,5.22,33.036,69528567808,2026-05-26
3043,21.05,nan,-2.67,20.601,820444800,2026-05-26
3044,511.0,26.394627,19.36,26.251,268584681472,2026-05-26
3045,111.5,23.673037,4.71,20.862,337918820352,2026-05-26
3046,53.4,13.35,4.0,8.6789995,4189124096,2026-05-26
3047,15.1,nan,-0.9,27.575,3371361792,2026-05-26
3048,73.8,36.9,2.0,3.5589999999999997,19913439232,2026-05-26
3049,12.35,nan,-0.64,-29.482999999999997,9904830464,2026-05-26
3050,12.5,312.5,0.04,33.238997999999995,1937299968,2026-05-26
3051,28.5,28.217821,1.01,30.423000000000002,4702499840,2026-05-26
3052,10.5,9.633027,1.09,11.1490004,2141840128,2026-05-26
3057,20.35,nan,-0.88,36.306,1381045248,2026-05-26
3059,42.45,34.512196,1.23,25.362000000000002,13058341888,2026-05-26
3062,29.6,43.52941,0.68,2.6919998,9649954816,2026-05-26
3085,12.3,nan,-0.56,60.306000000000004,848937280,2026-05-26
3105,527.0,133.08081,3.96,26.284000000000002,223416582144,2026-05-26
3141,76.8,144.90567,0.53,35.077998,5712901120,2026-05-26
3189,680.0,202.98508,3.35,20.849001,358302711808,2026-05-26
3209,78.0,26.086956,2.99,5.412,18360512512,2026-05-26
3211,458.0,50.88889,9.0,17.517,70679830528,2026-05-26
3228,226.0,nan,-2.02,61.019003000000005,16161598464,2026-05-26
3230,31.5,nan,-1.6,4.9640004,2681150976,2026-05-26
3231,146.5,17.440477,8.4,5.6220002,465930354688,2026-05-26
3260,411.5,17.906876,22.98,27.815,130849202176,2026-05-26
3376,220.5,136.95653,1.61,13.455,43165921280,2026-05-26
3406,583.0,17.774391,32.8,31.952,65729208320,2026-05-26
3443,5170.0,183.72424,28.14,24.879,692836892672,2026-05-26
3481,46.05,1535.0,0.03,10.126001,367527493632,2026-05-26
3494,8.09,nan,-1.84,11.607000000000001,766932032,2026-05-26
3515,237.0,15.60237,15.19,13.667000000000002,29279938560,2026-05-26
3518,36.1,nan,-1.58,4.167,3702307584,2026-05-26
3530,70.1,40.287354,1.74,25.339,5431060992,2026-05-26
3532,300.0,189.87341,1.58,10.391,116354490368,2026-05-26
3533,2585.0,36.90221,70.05,50.80899599999999,290095661056,2026-05-26
3548,98.1,48.088234,2.04,11.12,6645651968,2026-05-26
3550,20.6,nan,-1.18,16.208,2215529984,2026-05-26
3576,19.05,nan,-0.77,-32.858002,30989185024,2026-05-26
3583,916.0,68.5116,13.37,33.943,73610510336,2026-05-26
3593,17.0,nan,-1.4,0.373,1034032640,2026-05-26
3596,191.0,15.353699,12.44,15.264,42087612416,2026-05-26
3597,28.3,83.23529,0.34,23.701,1103643392,2026-05-26
3653,3720.0,102.79083,36.19,40.887,545846001664,2026-05-26
3661,4750.0,70.24548,67.62,31.779000000000003,389933793280,2026-05-26
3686,17.6,nan,-0.5,-0.47000000000000003,1346312064,2026-05-26
3691,147.5,nan,-7.62,12.296999999999999,13552742400,2026-05-26
3706,87.7,17.095516,5.13,10.665,116396490752,2026-05-26
3707,83.3,nan,-1.97,-0.6689999999999999,33026201600,2026-05-26
3711,608.0,59.72495,10.18,18.505,2667838177280,2026-05-26
4106,23.45,19.705881,1.19,46.473998,2366377216,2026-05-26
4108,12.3,nan,-0.29,31.507,2443013888,2026-05-26
4116,38.0,21.714285,1.75,32.154998,1693507968,2026-05-26
4117,4.15,0.5577957,7.44,27.633000000000003,293921120,2026-05-26
4119,41.0,45.555557,0.9,26.123,4899853824,2026-05-26
4121,14.55,nan,-0.36,34.188,1203984128,2026-05-26
4123,37.85,3.3085663,11.44,42.104,28697948160,2026-05-26
4126,79.0,15.076337,5.24,30.711,5735399936,2026-05-26
4128,14.75,nan,-1.29,39.888,8675516416,2026-05-26
4130,26.05,260.5,0.1,34.579,3562337280,2026-05-26
4133,20.95,nan,-0.02,46.495,1268606336,2026-05-26
4142,17.3,nan,-0.57,20.583999,7292088320,2026-05-26
4147,48.9,nan,-0.61,42.146,13237349376,2026-05-26
4148,32.45,14.295155,2.27,27.864,2181808128,2026-05-26
4160,40.5,50.625,0.8,41.030997,1080958464,2026-05-26
4162,55.0,20.446096,2.69,94.311,7902269952,2026-05-26
4163,104.5,20.53045,5.09,44.077,5292260864,2026-05-26
4168,26.45,nan,-2.16,47.405,2976180480,2026-05-26
4171,18.0,nan,-1.93,70.998,1031444416,2026-05-26
4174,29.45,nan,-31.22,-179.187,3875031040,2026-05-26
4175,54.0,14.835164,3.64,32.458,2285442048,2026-05-26
4743,50.9,nan,-2.18,28.214002,24400238592,2026-05-26
4904,95.0,25.0,3.8,30.499,342731980800,2026-05-26
4906,42.7,nan,-0.25,13.81,18258268160,2026-05-26
4919,214.5,nan,-3.96,36.693999999999996,90039590912,2026-05-26
4938,81.3,15.224719,5.34,3.9619997,218050183168,2026-05-26
4958,530.0,78.28656,6.77,21.326,572093038592,2026-05-26
4960,34.6,nan,-2.58,-5.12,19573993472,2026-05-26
4961,172.0,17.916666,9.6,28.108,20597516288,2026-05-26
4966,798.0,23.285673,34.27,42.003,60938944512,2026-05-26
4968,118.0,44.5283,2.65,36.270002,10880780288,2026-05-26
5009,35.55,17.42647,2.04,21.81,19480162304,2026-05-26
5269,1530.0,21.161825,72.3,51.385000000000005,113460207616,2026-05-26
5274,17635.0,168.62689,104.58,68.73500299999999,666650345472,2026-05-26
5347,165.0,39.192398,4.21,27.916999999999998,310128640000,2026-05-26
5371,72.1,75.89474,0.95,16.820998,28818970624,2026-05-26
5483,159.5,23.913044,6.67,24.203,97960378368,2026-05-26
5512,6.94,49.57143,0.14,21.566999,5273143808,2026-05-26
5515,40.2,9.0134535,4.46,17.636,8104320000,2026-05-26
5519,32.3,6.5650406,4.92,33.898996999999994,7080069632,2026-05-26
5521,10.25,19.711538,0.52,6.764,5045870080,2026-05-26
5522,69.8,9.381721,7.44,34.763,54555406336,2026-05-26
5523,30.2,nan,-0.09,75.589997,4681030144,2026-05-26
5525,21.1,15.071429,1.4,35.977,6483764224,2026-05-26
5531,7.66,nan,-0.28,23.207000999999998,7488333312,2026-05-26
5533,13.8,24.642857,0.56,29.98,3936380928,2026-05-26
5534,74.9,12.673435,5.91,34.71,23617918976,2026-05-26
5536,1030.0,36.421497,28.28,20.788,127803359232,2026-05-26
5538,34.7,11.490067,3.02,13.297,6981744640,2026-05-26
5546,16.4,nan,-2.13,6.719,1350595712,2026-05-26
5876,39.85,13.022876,3.06,0.0,193281785856,2026-05-26
5878,40.8,14.265735,2.86,18.486,1020979200,2026-05-26
5880,22.7,16.691177,1.36,0.0,355957243904,2026-05-26
5903,188.0,24.867725,7.56,36.041000000000004,41965359104,2026-05-26
5904,557.0,18.977854,29.35,45.371,59289210880,2026-05-26
6005,32.8,12.424242,2.64,90.056,71205781504,2026-05-26
6120,13.95,nan,-0.19,5.0329998,8356049920,2026-05-26
6146,220.5,20.530727,10.74,46.343,22461718528,2026-05-26
6147,260.5,70.98093,3.67,21.575001,193966620672,2026-05-26
6194,34.7,15.8447485,2.19,13.137999,1665600000,2026-05-26
6214,129.0,16.34981,7.89,21.917999,35119357952,2026-05-26
6227,125.0,16.869097,7.41,8.6,9513972736,2026-05-26
6230,143.0,nan,-2.43,15.363,12347048960,2026-05-26
6239,342.0,45.844505,7.46,17.625,252668575744,2026-05-26
6244,30.1,215.0,0.14,15.399,11649964032,2026-05-26
6245,90.0,20.833332,4.32,31.476998000000002,13194720256,2026-05-26
6257,230.0,37.76683,6.09,30.031002,110119698432,2026-05-26
6263,185.0,22.397095,8.26,46.653998,11562685440,2026-05-26
6269,63.9,nan,-6.95,0.8500000000000001,20481931264,2026-05-26
6271,251.5,33.00525,7.62,27.659,52578091008,2026-05-26
6274,1585.0,132.08333,12.0,23.201,457589489664,2026-05-26
6277,76.5,25.164474,3.04,58.58,9139531776,2026-05-26
6278,241.0,25.830654,9.33,12.29,69645484032,2026-05-26
6285,299.5,47.84345,6.26,12.888,144857284608,2026-05-26
6409,696.0,17.382616,40.04,28.279,61041287168,2026-05-26
6414,352.0,17.608805,19.99,20.165001,51352010752,2026-05-26
6415,613.0,97.30158,6.3,50.298,238060388352,2026-05-26
6442,2075.0,90.73021,22.87,57.74399999999999,161587068928,2026-05-26
6446,869.0,63.850113,13.61,88.896006,322946203648,2026-05-26
6456,74.6,nan,-0.79,6.5170005,24633800704,2026-05-26
6461,15.6,nan,-2.57,-95.943,2782287616,2026-05-26
6488,866.0,56.638325,15.29,22.759001,414046486528,2026-05-26
6505,49.45,47.54808,1.04,6.937,471058710528,2026-05-26
6510,3400.0,111.84211,30.4,56.255,111482601472,2026-05-26
6523,98.9,12.761291,7.75,67.362,4455209984,2026-05-26
6533,236.0,nan,-8.19,99.92999999999999,11953636352,2026-05-26
6547,45.9,nan,-0.86,61.087,15089579008,2026-05-26
6643,606.0,356.47058,1.7,1.0,25502394368,2026-05-26
6669,5285.0,19.91709,265.35,7.997,982168567808,2026-05-26
6770,71.5,nan,-1.86,0.787,305116708864,2026-05-26
6789,556.0,139.69849,3.98,26.683,176974299136,2026-05-26
6803,286.5,15.545306,18.43,19.098000000000003,20855132160,2026-05-26
8044,27.3,nan,-4.62,13.932,5580585984,2026-05-26
8081,291.5,16.431793,17.74,38.584,24977760256,2026-05-26
8210,1435.0,50.510384,28.41,30.968,179832979456,2026-05-26
